StockSymbol,CompanyName
003H11,KINEA CO-INVESTIMENTO FDO INV IMOB
A1AP34,ADVANCE AUTO PARTS INC
A1BM34,ABIOMED Inc
A1CR34,AMCOR PLC
A1DI34,ANALOG DEVICES INC
A1DM34,ARCHER-DANIELS-MIDLAND CO
A1EE34,AMEREN CORP
A1EN34,ALLIANT ENERGY CORP
A1EP34,AMERICAN ELECTRIC POWER CO INC
A1ES34,AES CORP
A1FL34,AFLAC INC
A1GI34,AGILENT TECHNOLOGIES INC
A1GN34,ALLEGION PLC
A1IV34,APARTMENT INVESTMENT & MANAGEMENT CO
A1JG34,ARTHUR J GALLAGHER & CO
A1KA34,AKAMAI TECHNOLOGIES INC
A1LB34,ALBEMARLE CORP
A1LG34,ALIGN TECHNOLOGY INC
A1LK34,ALASKA AIR GROUP INC
A1LL34,ALLIANCE DATA SYSTEMS CORP
A1LN34,ALNYLAM PHARMACEUTICALS INC
A1LX34,ALEXION PHARMACEUTICALS INC
A1MB34,AMERISOURCEBERGEN CORP
A1MD34,ADVANCED MICRO DEVICES INC
A1ME34,AMETEK INC
A1MP34,AMERIPRISE FINANCIAL INC
A1MT34,APPLIED MATERIALS INC
A1NE34,ARISTA NETWORKS INC
A1NS34,ANSYS INC
A1NT34,ANTHEM INC
A1ON34,AON PLC
A1OS34,AO SMITH CORP
A1PA34,APACHE CORP
A1PD34,AIR PRODUCTS & CHEMICALS INC
A1PH34,AMPHENOL CORP
A1RE34,ALEXANDRIA REAL ESTATE EQUITIES INC
A1SU34,ASSURANT INC
A1TM34,ATMOS ENERGY CORP
A1TT34,ALLSTATE CORP
A1UT34,AUTODESK INC
A1VB34,AVALONBAY COMMUNITIES INC
A1VY34,AVERY DENNISON CORP
A1WK34,AMERICAN WATER WORKS CO INC
A1YX34,ALTERYX INC
AALL34,AMERICAN AIRLINES GROUP INC.
AALR3,CENTRO DE IMAGEM DIAGNOSTICOS S.A.
AAPL34,APPLE INC.
ABBV34,ABBVIE INC.
ABCB10,BCO ABC BRASIL S.A.
ABCB4,BCO ABC BRASIL S.A.
ABCP11,FDO INV IMOB GRAND PLAZA SHOPPING
ABEV3,AMBEV S.A.
ABTT34,ABBOTT LABORATORIES
ABUD34,ANHEUSER-BUSCH INBEV SA/NV
ACNB34,ACCENTURE PLC
ADBE34,ADOBE INC
ADHM3,ADVANCED DIGITAL HEALTH MEDICINA PREVENTIVA S.A.
ADPR34,AUTOMATIC DATA PROCESSING INC
AFCF11,AFRICA FILMES S/C LTDA.
AFCR11,AF INVEST FDO INV. IMOB. - RECEBÍVEIS IMOB.
AFCV12,A F CINEMA E VIDEO LTDA
AFLT3,AFLUENTE TRANSMISSÃO DE ENERGIA ELÉTRICA S/A
AFOF11,ALIANZA FOF FUNDO DE INVESTIMENTO IMOBILIÁRIO
AGBK10,BANCO AGIBANK S.A.
AGBK11,BANCO AGIBANK S.A.
AGBK4,BANCO AGIBANK S.A.
AGRA4,AGRALE S/A
AGRO3,BRASILAGRO - CIA BRAS DE PROP AGRICOLAS
AHEB3,SAO PAULO TURISMO S.A.
AHEB5,SAO PAULO TURISMO S.A.
AHEB6,SAO PAULO TURISMO S.A.
AIEC11,AUTONOMY EDIFÍCIOS CORPORATIVOS FUND. INV. IMOB.
AIGB34,AMERICAN INTERNATIONAL GROUP INC.
ALEF3B,ALEF S.A.
ALMI11,FDO INV IMOB - FII TORRE ALMIRANTE
ALPA3,ALPARGATAS S.A.
ALPA4,ALPARGATAS S.A.
ALPK3,ALLPARK EMPREENDIMENTOS PARTICIPACOES SERVICOS S.A
ALSO3,ALIANSCE SONAE SHOPPING CENTERS S.A.
ALUP11,ALUPAR INVESTIMENTO S/A
ALUP3,ALUPAR INVESTIMENTO S/A
ALUP4,ALUPAR INVESTIMENTO S/A
ALZR11,ALIANZA TRUST RENDA IMOBILIARIA FDO INV IMOB
AMAR3,MARISA LOJAS S.A.
AMBP3,AMBIPAR PARTICIPACOES E EMPREENDIMENTOS S/A
AMGN34,AMGEN INC.
AMZG11,AMAZONAS DISTRIBUIDORA DE ENERGIA S.A.
AMZG3,AMAZONAS DISTRIBUIDORA DE ENERGIA S.A.
AMZG9,AMAZONAS DISTRIBUIDORA DE ENERGIA S.A.
AMZO34,"AMAZON.COM, INC"
ANCR11B,FDO INV IMOB - FII ANCAR IC
ANGC11,FDO INV IMOB RENDA CORPORATIVA ANGICO - FII
ANIM3,ANIMA HOLDING S.A.
APER3,ALPER CONSULTORIA E CORRETORA DE SEGUROS S.A.
APTI3,SIDERURGICA J. L. ALIPERTI S.A.
APTI4,SIDERURGICA J. L. ALIPERTI S.A.
APTV34,APTIV PLC
AQLL11,ÁQUILLA FDO INV IMOB - FII
ARCT11,RIZA ARCTIUM REAL ESTATE FDO INV IMOB
ARCT13,RIZA ARCTIUM REAL ESTATE FDO INV IMOB
ARFI11B,AQ3 RENDA FDO INV IMOB - FII
ARMT11,ARCELORMITTAL
ARMT34,ARCELORMITTAL
ARNC34,HOWMET AEROSPACE INC.
ARRI11,FDO. INV. IMOB. ÁTRIO REIT RECEBÍVEIS IMOBILIÁRIOS
ARZZ3,AREZZO INDÚSTRIA E COMÉRCIO S.A.
ASML34,ASML HOLDING NV
ATCR11,HAZ FDO INV IMOB - FII
ATCR13,HAZ FDO INV IMOB - FII
ATMP3,ATMA PARTICIPAÇÕES S.A.
ATOM3,ATOM EMPREENDIMENTOS E PARTICIPAÇÕES S.A.
ATSA11,HEDGE ATRIUM SHOPPING SANTO ANDRE FDO INV IMOB
ATTB34,AT&T INC.
ATVI34,ACTIVISION BLIZZARD INC
AURA32,AURA MINERALS INC.
AVGO34,BROADCOM INC
AVLL3,ALPHAVILLE S.A.
AWII34,ARMSTRONG WORLD INDUSTRIES INC
AXPB34,AMERICAN EXPRESS COMPANY
AZEV3,AZEVEDO E TRAVASSOS S.A.
AZEV4,AZEVEDO E TRAVASSOS S.A.
AZOI34,AUTOZONE INC
AZUL4,AZUL S.A.
B1AM34,BROOKFIELD ASSET MANAGEMENT INC
B1AX34,BAXTER INTERNATIONAL INC
B1BT34,TRUIST FINANCIAL CORPORATION
B1DX34,BECTON DICKINSON AND CO
B1FC34,BROWN FORMAN CORP
B1KR34,BAKER HUGHES CO
B1LL34,BALL CORP
B1MR34,BIOMARIN PHARMACEUTICAL INC
B1RF34,BROADRIDGE FINANCIAL SOLUTIONS INC
B1SX34,BOSTON SCIENTIFIC CORP
B1WA34,BORGWARNER INC
B3SA3,"B3 S.A. - BRASIL, BOLSA, BALCÃO"
BABA34,ALIBABA GROUP HOLDING LTD
BAHI3,BAHEMA EDUCAÇÃO S.A.
BALM3,BAUMER S.A.
BALM4,BAUMER S.A.
BARI11,FDO INV IMOB BARIGUI RENDIMENTOS IMOB I FII
BAUH3,EXCELSIOR ALIMENTOS S.A.
BAUH4,EXCELSIOR ALIMENTOS S.A.
BAZA3,BCO AMAZONIA S.A.
BBAS11,BCO BRASIL S.A.
BBAS12,BCO BRASIL S.A.
BBAS3,BCO BRASIL S.A.
BBDC3,BCO BRADESCO S.A.
BBDC4,BCO BRADESCO S.A.
BBFI11B,BB FDO INV IMOB PROGRESSIVO
BBFP11,BANG BANG FILMES PRODUCOES LTDA.
BBIM11,BB RECEBIVEIS IMOBILIARIOS FDO INV IMOB - FII
BBML3,BBM LOGISTICA S.A.
BBOV11,BB ETF IBOVESPA FUNDO DE ÍNDICE
BBPO11,BB PROGRESSIVO II FDO INV IMOB - FII
BBRC11,BB RENDA CORPORATIVA FDO INV IMOB - FII
BBRK3,BRASIL BROKERS PARTICIPACOES S.A.
BBSD11,BB ETF S&P DIVIDENDOS BRASIL FUNDO DE ÍNDICE
BBSE3,BB SEGURIDADE PARTICIPAÇÕES S.A.
BBVH11,FIDC BB VOTORANTIM HIGHLAND INFRAESTRUTURA
BBVH12,FIDC BB VOTORANTIM HIGHLAND INFRAESTRUTURA
BBVJ11,CIDADE JARDIM CONTINENAL TOWER FDO INV IMOB
BBYY34,"BEST BUY CO., INC."
BCFF11,FDO INV IMOB - FII BTG PACTUAL FUNDO DE FUNDOS
BCIA11,BRADESCO CARTEIRA IMOBILIÁRIA ATIVA - FII
BCPS3,CLARO S.A.
BCPS4,CLARO S.A.
BCRI11,BANESTES RECEBÍVEIS IMOBILIÁRIOS FDO INV IMOB  FII
BCSA34,BANCO SANTANDER SA
BDIV11,BTG PACTUAL IE DIV. FDO INV. PART. IE
BDIV13,BTG PACTUAL IE DIV. FDO INV. PART. IE
BDLL3,BARDELLA S.A. INDUSTRIAS MECANICAS
BDLL4,BARDELLA S.A. INDUSTRIAS MECANICAS
BDRX11,ÍNDICE DE BDR NÃO PATROCINADO - GLOBAL
BEEF11,MINERVA S.A.
BEEF3,MINERVA S.A.
BEES3,BANESTES S.A. - BCO EST ESPIRITO SANTO
BEES4,BANESTES S.A. - BCO EST ESPIRITO SANTO
BEGB4,BANCO BERJ S.A.
BERK34,BERKSHIRE HATHAWAY INC.
BETP3B,BETAPART PARTICIPACOES S.A.
BGIP3,BCO ESTADO DE SERGIPE S.A. - BANESE
BGIP4,BCO ESTADO DE SERGIPE S.A. - BANESE
BHPG34,BHP GROUP LTD
BICR11,INTER TÍTULOS IMOB. FDO INV. IMOB.
BIDI11,BANCO INTER S.A.
BIDI3,BANCO INTER S.A.
BIDI4,BANCO INTER S.A.
BIDU34,BAIDU INC
BIGD11,BIGDENI FILMES DO BRASIL LTDA.
BIIB34,BIOGEN INC.
BILB34,BANCO BILBAO VIZCAYA ARGENTARIA SA
BIOM11,BIOMM S.A.
BIOM3,BIOMM S.A.
BKBR3,BK BRASIL OPERAÇÃO E ASSESSORIA A RESTAURANTES SA
BKNG34,BOOKING HOLDINGS INC
BKOI11,FDO INV PART BKO I MULTIESTRATEGIA
BLAK34,"BLACKROCK, INC."
BLAU3,BLAU FARMACÊUTICA S.A.
BLCP11,BLUECAP RENDA LOG. FDO INV. IMOB. - FII
BLCP13,BLUECAP RENDA LOG. FDO INV. IMOB. - FII
BLMG11,BLUEMACAW LOGÍSTICA FDO. INVEST. IMOB.
BLMO11,BLUEMACAW OFFICE FUND II - FDO. INVEST. IMOB.
BLMO13,BLUEMACAW OFFICE FUND II - FDO. INVEST. IMOB.
BLMO14,BLUEMACAW OFFICE FUND II - FDO. INVEST. IMOB.
BLMO15,BLUEMACAW OFFICE FUND II - FDO. INVEST. IMOB.
BLMR11,BLUEMACAW RENDA + FOF FDO. INVEST. IMOB.
BMEB3,BCO MERCANTIL DO BRASIL S.A.
BMEB4,BCO MERCANTIL DO BRASIL S.A.
BMGB4,BANCO BMG S.A.
BMII11,FDO BRASÍLIO MACHADO DE INVESTIMENTO IMOBILIÁRIO
BMIN3,BCO MERCANTIL DE INVESTIMENTOS S.A.
BMIN4,BCO MERCANTIL DE INVESTIMENTOS S.A.
BMKS3,BICICLETAS MONARK S.A.
BMLC11B,FDO INV IMOB - FII BM BRASCAN LAJES CORPORATIVAS
BMYB11,BRISTOL-MYERS SQUIBB COMPANY
BMYB34,BRISTOL-MYERS SQUIBB COMPANY
BNBR3,BCO NORDESTE DO BRASIL S.A.
BNFS11,BANRISUL NOVAS FRONTEIRAS FDO INV IMOB - FII
BOAC34,BANK OF AMERICA CORPORATION
BOAS3,BOA VISTA SERVIÇOS S.A.
BOBR3,BOMBRIL S.A.
BOBR4,BOMBRIL S.A.
BOEI34,THE BOEING COMPANY
BONY34,THE BANK OF NEW YORK MELLON CORPORATION
BOVA11,ISHARES IBOVESPA FUNDO DE ÍNDICE
BOVB11,ETF BRADESCO IBOVESPA FDO DE INDICE
BOVV11,IT NOW IBOVESPA FUNDO DE ÍNDICE
BOXP34,"BOSTON PROPERTIES, INC"
BPAC11,BCO BTG PACTUAL S.A.
BPAC3,BCO BTG PACTUAL S.A.
BPAC5,BCO BTG PACTUAL S.A.
BPAN11,BCO PAN S.A.
BPAN4,BCO PAN S.A.
BPAR3,BCO ESTADO DO PARA S.A.
BPFF11,FDO INV IMOB BRASIL PLURAL ABSOLUTO FDO DE FUNDOS
BPFF13,FDO INV IMOB BRASIL PLURAL ABSOLUTO FDO DE FUNDOS
BPFF14,FDO INV IMOB BRASIL PLURAL ABSOLUTO FDO DE FUNDOS
BPML11,FDO INV IMOB BTG PACTUAL SHOPPINGS
BPRP11,FDO INV IMOB - FII BRLPROP
BRAP3,BRADESPAR S.A.
BRAP4,BRADESPAR S.A.
BRAX11,ISHARES IBRX - ÍNDICE BRASIL (IBRX-100) FDO ÍNDICE
BRBI11,BR ADVISORY PARTNERS PARTICIPAÇÕES S.A.
BRBI3,BR ADVISORY PARTNERS PARTICIPAÇÕES S.A.
BRBI4,BR ADVISORY PARTNERS PARTICIPAÇÕES S.A.
BRCO11,BRESCO LOGÍSTICA - FDO INV IMOB
BRCP11,FDO BRASCAN DE PETROLEO GAS E ENERG-FIP
BRCR11,FDO INV IMOB - FII BTG PACTUAL CORP. OFFICE FUND
BRDT3,PETROBRAS DISTRIBUIDORA S/A
BREV11,BRAZIL REAL ESTATE VICTORY FUND I - FDO. INV. IMOB
BREV13,BRAZIL REAL ESTATE VICTORY FUND I - FDO. INV. IMOB
BRFS3,BRF S.A.
BRGE11,CONSORCIO ALFA DE ADMINISTRACAO S.A.
BRGE12,CONSORCIO ALFA DE ADMINISTRACAO S.A.
BRGE3,CONSORCIO ALFA DE ADMINISTRACAO S.A.
BRGE5,CONSORCIO ALFA DE ADMINISTRACAO S.A.
BRGE6,CONSORCIO ALFA DE ADMINISTRACAO S.A.
BRGE7,CONSORCIO ALFA DE ADMINISTRACAO S.A.
BRGE8,CONSORCIO ALFA DE ADMINISTRACAO S.A.
BRHT11B,FDO INV IMOB BR HOTEIS - FII
BRHT12B,FDO INV IMOB BR HOTEIS - FII
BRIM11,BRIO REAL ESTATE II - FDO INV IMOB
BRIP11,BRIO REAL ESTATE III FDO DE INVEST. IMOB.
BRIV3,BCO ALFA DE INVESTIMENTO S.A.
BRIV4,BCO ALFA DE INVESTIMENTO S.A.
BRKM3,BRASKEM S.A.
BRKM5,BRASKEM S.A.
BRKM6,BRASKEM S.A.
BRLA11,FUNDO DE INVESTIMENTO IMOBILIÁRIO BRL PROP II
BRML3,BR MALLS PARTICIPACOES S.A.
BRPR11,BR PROPERTIES S.A.
BRPR3,BR PROPERTIES S.A.
BRQB3,BRQ SOLUCOES EM INFORMATICA S.A.
BRSR3,BCO ESTADO DO RIO GRANDE DO SUL S.A.
BRSR5,BCO ESTADO DO RIO GRANDE DO SUL S.A.
BRSR6,BCO ESTADO DO RIO GRANDE DO SUL S.A.
BRZP11,"BRZ INFRA PORTOS FDO, INV. EM PART. INFRAESTRUTURA"
BSAN11,BCO SANTANDER S.A.
BSEV3,BIOSEV S.A.
BSLI3,BRB BCO DE BRASILIA S.A.
BSLI4,BRB BCO DE BRASILIA S.A.
BTCR11,FDO INV IMOB - BTG PACTUAL CREDITO IMOBILIARIO
BTLG11,BTG PACTUAL LOGISTICA FDO INV IMOB - FII
BTLG14,BTG PACTUAL LOGISTICA FDO INV IMOB - FII
BTOW3,B2W - COMPANHIA DIGITAL
BTSG11,BTSP I FDO. INVEST. IMOB - FII
BTSG13,BTSP I FDO. INVEST. IMOB - FII
BTSG14,BTSP I FDO. INVEST. IMOB - FII
BTSG15,BTSP I FDO. INVEST. IMOB - FII
BTSG16,BTSP I FDO. INVEST. IMOB - FII
BTSG17,BTSP I FDO. INVEST. IMOB - FII
BTSG18,BTSP I FDO. INVEST. IMOB - FII
BTSG19,BTSP I FDO. INVEST. IMOB - FII
BTSG20,BTSP I FDO. INVEST. IMOB - FII
BTSG21,BTSP I FDO. INVEST. IMOB - FII
BTSG22,BTSP I FDO. INVEST. IMOB - FII
BTTL3,BATTISTELLA ADM PARTICIPACOES S.A.
BUHY11,CAMBUHY I FDO INV EM ACOES
BVAR11,FDO INV IMOB BRASIL VAREJO - FII
BVEN11,BOA VISTA ENERGIA S.A.
BVEN3,BOA VISTA ENERGIA S.A.
BVEN9,BOA VISTA ENERGIA S.A.
BZLI11,BRAZIL REALTY FDO INV IMOB
C1AB34,CABLE ONE INC
C1AG34,CONAGRA BRANDS INC
C1AH34,CARDINAL HEALTH INC
C1BL34,CHUBB LTD
C1BO34,CBOE GLOBAL MARKETS INC
C1BR34,CBRE GROUP INC
C1BS34,VIACOMCBS Inc.
C1CI34,CROWN CASTLE INTERNATIONAL CORP
C1CL34,CARNIVAL CORP
C1DN34,CADENCE DESIGN SYSTEMS INC
C1DW34,CDW CORPORATION
C1ER34,CERNER CORP
C1FG34,CITIZENS FINANCIAL GROUP INC
C1FI34,CF INDUSTRIES HOLDINGS INC
C1GP34,COSTAR GROUP INC
C1HK34,CHECK POINT SOFTWARE TECHNOLOGIES LTD
C1HR34,CH ROBINSON WORLDWIDE INC
C1IC34,Cigna Corp
C1MA34,COMERICA INC
C1MG34,CHIPOTLE MEXICAN GRILL INC
C1MI34,CUMMINS INC
C1MS34,CMS ENERGY CORP
C1NC34,CENTENE CORP
C1NP34,CENTERPOINT ENERGY INC
C1NS34,CELANESE CORP
C1OG34,CABOT OIL & GAS CORP
C1OO34,COOPER COMPANIES INC
C1OU34,COUPA SOFTWARE INC
C1PB34,Campbell Soup Co
C1PR34,COPART INC
C1RR34,CARRIER GLOBAL CORPORATION
C1TA34,CINTAS CORP
C1TV34,CORTEVA INC
C1TX34,CITRIX SYSTEMS INC
C1XO34,CONCHO RESOURCES INC
CABI3B,CABINDA PARTICIPACOES S.A.
CACO3B,CACONDE PARTICIPACOES S.A.
CAFI11,FIDC BNP PARIBAS CAFAM INFRAESTRUTURA I
CAFI12,FIDC BNP PARIBAS CAFAM INFRAESTRUTURA I
CAIA3B,CAIANDA PARTICIPACOES S.A.
CAJI34,CANON INC
CALI3,CONSTRUTORA ADOLPHO LINDENBERG S.A.
CALI4,CONSTRUTORA ADOLPHO LINDENBERG S.A.
CAMB3,CAMBUCI S.A.
CAML3,CAMIL ALIMENTOS S.A.
CAON34,CAPITAL ONE FINANCIAL CORP
CAPH34,CAPRI HOLDINGS LTD
CARD3,CSU CARDSYSTEM S.A.
CARE11,BRAZILIAN GRAVEYARD DEATH CARE FDO INV IMOB - FII
CARE12,BRAZILIAN GRAVEYARD DEATH CARE FDO INV IMOB - FII
CASH3,MÉLIUZ S.A.
CASN3,CIA CATARINENSE DE AGUAS E SANEAM.-CASAN
CASN4,CIA CATARINENSE DE AGUAS E SANEAM.-CASAN
CATA3,CIA INDUSTRIAL CATAGUASES
CATA4,CIA INDUSTRIAL CATAGUASES
CATP34,CATERPILLAR INC.
CBEE3,AMPLA ENERGIA E SERVICOS S.A.
CBOP11,CASTELLO BRANCO OFFICE PARK FDO INV IMOB - FII
CCAT3,COMFIO COMPANHIA CATARINENSE DE FIACAO
CCAT4,COMFIO COMPANHIA CATARINENSE DE FIACAO
CCPR3,CYRELA COMMERCIAL PROPERT S.A. EMPR PART
CCRO3,CCR S.A.
CEAB3,CEA MODAS S.A.
CEAC11,ENERGISA ACRE - DISTRIBUIDORA DE ENERGIA S.A
CEAC3,ENERGISA ACRE - DISTRIBUIDORA DE ENERGIA S.A
CEAC4,ENERGISA ACRE - DISTRIBUIDORA DE ENERGIA S.A
CEAG3,CIA DE ENTREPOSTOS E ARMAZENS GERAIS SP
CEAL11,COMPANHIA ENERGETICA DE ALAGOAS
CEAL3,COMPANHIA ENERGETICA DE ALAGOAS
CEAL4,COMPANHIA ENERGETICA DE ALAGOAS
CEBR3,CIA ENERGETICA DE BRASILIA
CEBR5,CIA ENERGETICA DE BRASILIA
CEBR6,CIA ENERGETICA DE BRASILIA
CEDO3,CIA FIACAO TECIDOS CEDRO CACHOEIRA
CEDO4,CIA FIACAO TECIDOS CEDRO CACHOEIRA
CEEB3,CIA ELETRICIDADE EST. DA BAHIA - COELBA
CEEB5,CIA ELETRICIDADE EST. DA BAHIA - COELBA
CEEB6,CIA ELETRICIDADE EST. DA BAHIA - COELBA
CEED3,CIA ESTADUAL DE DISTRIB ENER ELET-CEEE-D
CEED4,CIA ESTADUAL DE DISTRIB ENER ELET-CEEE-D
CEGR3,CIA DISTRIB DE GAS DO RIO DE JANEIRO-CEG
CEOC11,FDO INV IMOB - FII CEO CYRELA COMMERC. PROPERTIES
CEPE3,CIA ENERGETICA DE PERNAMBUCO - CELPE
CEPE5,CIA ENERGETICA DE PERNAMBUCO - CELPE
CEPE6,CIA ENERGETICA DE PERNAMBUCO - CELPE
CERO3,CENTRAIS ELETRICAS DE RONDONIA S/A CERON
CERO9,CENTRAIS ELETRICAS DE RONDONIA S/A CERON
CESA3,CIA ESTADUAL DE SILOS E ARMAZENS
CESP3,CESP - CIA ENERGETICA DE SAO PAULO
CESP5,CESP - CIA ENERGETICA DE SAO PAULO
CESP6,CESP - CIA ENERGETICA DE SAO PAULO
CFHI11,CF2 FUNDO DE INVESTIMENTO IMOBILIÁRIO
CFHO3,CARVALHO HOLDINGS SA
CFHO4,CARVALHO HOLDINGS SA
CGAS3,CIA GAS DE SAO PAULO - COMGAS
CGAS5,CIA GAS DE SAO PAULO - COMGAS
CGOS3,CELG DISTRIBUICAO S.A. - CELG D
CGRA3,GRAZZIOTIN S.A.
CGRA4,GRAZZIOTIN S.A.
CHCM34,CHARTER COMMUNICATIONS INC
CHDC34,CHURCH & DWIGHT CO INC
CHME34,CME GROUP INC.
CHVX34,CHEVRON CORPORATION
CIEL3,CIELO S.A.
CINF34,CINCINNATI FINANCIAL CORP
CJFI11,FDO INV IMOB CJ - FII
CLSC3,CENTRAIS ELET DE SANTA CATARINA S.A.
CLSC4,CENTRAIS ELET DE SANTA CATARINA S.A.
CLXC34,CLOROX COMPANY
CMCS34,COMCAST CORPORATION
CMIG15,CIA ENERGETICA DE MINAS GERAIS - CEMIG
CMIG3,CIA ENERGETICA DE MINAS GERAIS - CEMIG
CMIG4,CIA ENERGETICA DE MINAS GERAIS - CEMIG
CMNS3,CMN SOLUTIONS AO18 PARTICIPACOES S.A.
CMSA3,CIMS S.A.
CMSA4,CIMS S.A.
CNES11,FDO INV IMOB - FII CENESP
CNIC34,CANADIAN NATIONAL RAILWAY CO
CNRT5,CICANORTE IND CONSERVAS ALIMENTICIAS S.A
CNSY3,CINESYSTEM S.A.
CNTO3,GRUPO SBF SA
COCA34,THE COCA-COLA COMPANY
COCE3,CIA ENERGETICA DO CEARA - COELCE
COCE5,CIA ENERGETICA DO CEARA - COELCE
COCE6,CIA ENERGETICA DO CEARA - COELCE
COCN5,CIA DE COCOS DO NORDESTE
COGN3,COGNA EDUCAÇÃO S.A.
COLG34,COLGATE-PALMOLIVE COMPANY
CONX3,TRIPLE PLAY BRASIL PARTICIPAÇÕES S.A.
COPH34,CONOCOPHILLIPS
CORR3,CORREA RIBEIRO S.A. COMERCIO E INDUSTRIA
CORR4,CORREA RIBEIRO S.A. COMERCIO E INDUSTRIA
COTY34,"COTY, INC."
COWC34,COSTCO WHOLESALE CORPORATION
CPCH3,CAPITAL CENTER HOTEIS S.A.
CPCH7,CAPITAL CENTER HOTEIS S.A.
CPFE3,CPFL ENERGIA S.A.
CPFF11,CAPITÂNIA REIT FOF - FDO. INVEST. IMOB
CPIS11,COMPANHIA ENERGETICA DO PIAUI
CPIS12,COMPANHIA ENERGETICA DO PIAUI
CPIS3,COMPANHIA ENERGETICA DO PIAUI
CPIS4,COMPANHIA ENERGETICA DO PIAUI
CPLE3,CIA PARANAENSE DE ENERGIA - COPEL
CPLE5,CIA PARANAENSE DE ENERGIA - COPEL
CPLE6,CIA PARANAENSE DE ENERGIA - COPEL
CPNO7,COPENOR - CIA PETROQUIMICA DO NORDESTE
CPRL34,CANADIAN PACIFIC RAILWAY LTD
CPTS11,CAPITANIA SECURITIES II FDO INV IMOB - FII
CRDA34,CREDIT ACCEPTANCE CORP
CRDE3,CR2 EMPREENDIMENTOS IMOBILIARIOS S.A.
CRFB3,ATACADÃO S.A.
CRFF11,CAIXA RIO BRAVO FDO DE FDOS INV IMOB II
CRHP34,CRH PLC
CRIN34,CARTERS INC
CRIP34,TRIP.COM GROUP LIMITED
CRIV3,FINANCEIRA ALFA S.A.- CRED FINANC E INVS
CRIV4,FINANCEIRA ALFA S.A.- CRED FINANC E INVS
CRML4,CARBOMIL S.A.
CRPC4,CRP CADERI CAPITAL DE RISCO S/A
CRPG3,TRONOX PIGMENTOS DO BRASIL S.A.
CRPG5,TRONOX PIGMENTOS DO BRASIL S.A.
CRPG6,TRONOX PIGMENTOS DO BRASIL S.A.
CRPM11,VOTORANTIM CARDIO PULMONAR FDO INV IMOB - FII
CRPM12,VOTORANTIM CARDIO PULMONAR FDO INV IMOB - FII
CRTE3B,CONC RIO-TERESOPOLIS S.A.
CRTE5B,CONC RIO-TERESOPOLIS S.A.
CSAB3,CIA SEGUROS ALIANCA DA BAHIA
CSAB4,CIA SEGUROS ALIANCA DA BAHIA
CSAL4,CIA ABASTEC. D''AGUA E SAN. EST. ALAGOAS
CSAM3,COSAMA - CIA DE SANEAMENTO DA AMAZONIA
CSAM4,COSAMA - CIA DE SANEAMENTO DA AMAZONIA
CSAN3,COSAN S.A.
CSCO34,"CISCO SYSTEMS, INC."
CSMG3,CIA SANEAMENTO DE MINAS GERAIS-COPASA MG
CSNA3,CIA SIDERURGICA NACIONAL
CSRN3,CIA ENERGETICA DO RIO GDE NORTE - COSERN
CSRN5,CIA ENERGETICA DO RIO GDE NORTE - COSERN
CSRN6,CIA ENERGETICA DO RIO GDE NORTE - COSERN
CSXC34,CSX CORP
CTBA11B,PREFEITURA MUNICIPAL DE CURITIBA
CTCA3,CTC - CENTRO DE TECNOLOGIA CANAVIEIRA S.A.
CTGP34,CITIGROUP INC.
CTKA3,KARSTEN S.A.
CTKA4,KARSTEN S.A.
CTNM3,CIA TECIDOS NORTE DE MINAS COTEMINAS
CTNM4,CIA TECIDOS NORTE DE MINAS COTEMINAS
CTSA3,CIA TECIDOS SANTANENSE
CTSA4,CIA TECIDOS SANTANENSE
CTSA8,CIA TECIDOS SANTANENSE
CTSH34,COGNIZANT TECHNOLOGY SOLUTIONS
CTXT11,FDO INV IMOB CENTRO TEXTIL INTERNACIONAL
CURY3,CURY CONSTRUTORA E INCORPORADORA S.A.
CVBI11,FDO INV. IMOB. VBI CRI
CVCB11,CVC BRASIL OPERADORA E AGÊNCIA DE VIAGENS S.A.
CVCB3,CVC BRASIL OPERADORA E AGÊNCIA DE VIAGENS S.A.
CVSH34,CVS HEALTH CORPORATION
CXCE11B,FDO INV IMOB CAIXA CEDAE
CXRI11,CAIXA RIO BRAVO FUNDO DE FDO INV IMOB - FII
CXTL11,FDO INV IMOB CAIXA TRX LOGÍSTICA RENDA
CXTL12,FDO INV IMOB CAIXA TRX LOGÍSTICA RENDA
CYRE3,CYRELA BRAZIL REALTY S.A.EMPREEND E PART
D1DG34,DATADOG INC
D1EL34,DELL TECHNOLOGIES INC
D1EX34,DEXCOM INC
D1FS34,Discover Financial Services
D1HI34,DR HORTON INC
D1IS34,DISH NETWORK CORP
D1LR34,DIGITAL REALTY TRUST INC
D1OC34,DOCUSIGN INC
D1OM34,DOMINION ENERGY INC
D1OV34,DOVER CORP
D1OW34,DOW INC
D1RE34,DUKE REALTY CORP
D1RI34,DARDEN RESTAURANTS INC
D1TE34,DTE ENERGY CO
D1VN34,DEVON ENERGY CORP
D1XC34,DXC TECHNOLOGY CO
DAMT11,DIAMANTE FDO INV IMOB
DAMT11B,DIAMANTE FDO INV IMOB
DANA11,DANA INDUSTRIAL S.A.
DASA3,DIAGNOSTICOS DA AMERICA S.A.
DASS3,DASS NORDESTE CALÇADOS E ARTIGOS ESPORTIVOS SA
DBAG34,DEUTSCHE BANK AKTIENGESELLSCHAFT
DCDI11,FIDC DE TRANSMISSÃO INFINITY DI
DCVY34,DISCOVERY INC
DCVY35,DISCOVERY INC
DDNB34,DUPONT DE NEMOURS INC.
DEAI34,"DELTA AIR LINES, INC."
DEEC34,DEERE & CO
DEOP34,DIAGEO PLC
DEVA11,DEVANT RECEBÍVEIS IMOBILIÁRIOS FDO. INVEST. IMOB.
DEVA13,DEVANT RECEBÍVEIS IMOBILIÁRIOS FDO. INVEST. IMOB.
DEVA14,DEVANT RECEBÍVEIS IMOBILIÁRIOS FDO. INVEST. IMOB.
DEVA15,DEVANT RECEBÍVEIS IMOBILIÁRIOS FDO. INVEST. IMOB.
DEVA16,DEVANT RECEBÍVEIS IMOBILIÁRIOS FDO. INVEST. IMOB.
DEVA17,DEVANT RECEBÍVEIS IMOBILIÁRIOS FDO. INVEST. IMOB.
DGCO34,DOLLAR GENERAL CORP
DHER34,DANAHER CORPORATION
DIRR3,DIRECIONAL ENGENHARIA S.A.
DISB34,THE WALT DISNEY COMPANY
DIVO11,IT NOW IDIV FUNDO DE ÍNDICE
DLMT11,DEL MONTE AJAX FDO INV IMOB - FII
DLTR34,DOLLAR TREE INC
DMAC11,MAC FDO INV IMOB
DMMO11,DOMMO ENERGIA S.A.
DMMO3,DOMMO ENERGIA S.A.
DMVF3,D1000 VAREJO FARMA PARTICIPAÇÕES S.A.
DNEN3B,DINAMICA ENERGIA S.A.
DOHL3,DOHLER S.A.
DOHL4,DOHLER S.A.
DOMC11,REAG MULTI ATIVOS IMOBILIÁRIOS - FII
DOVL11B,DOVEL FDO INV IMOB
DRIT11B,MULTIGESTÃO RENDA COMERCIAL FDO INV IMOB - FII
DTCY3,DTCOM - DIRECT TO COMPANY S.A.
DTCY4,DTCOM - DIRECT TO COMPANY S.A.
DTCY9,DTCOM - DIRECT TO COMPANY S.A.
DTEN3,DETEN QUIMICA S.A.
DTEN6,DETEN QUIMICA S.A.
DTEX3,DURATEX S.A.
DUKB34,DUKE ENERGY CORPORATION
DVAI34,DAVITA INC
DXXI3,DUXXI IMOBILIÁRIA S.A.
E1CL34,ECOLAB INC
E1DI34,Consolidated Edison Inc
E1FX34,EQUIFAX INC
E1IX34,EDISON INTERNATIONAL
E1MN34,EASTMAN CHEMICAL CO
E1MR34,Emerson Electric Co
E1OG34,EOG RESOURCES INC
E1QR34,EQUITY RESIDENTIAL
E1SE34,EVERSOURCE ENERGY
E1SS34,ESSEX PROPERTY TRUST INC
E1TN34,Eaton Corp PLC
E1TR34,Entergy Corp
E1VE34,EVEREST RE GROUP LTD
E1VR34,EVERGY INC
E1WL34,EDWARDS LIFESCIENCES CORP
E1XC34,EXELON CORP
E1XP34,EXPEDITORS INTERNATIONAL OF WASHINGTON INC
E1XR34,EXTRA SPACE STORAGE INC
EAIN34,ELECTRONIC ARTS INC
EALT3,ELECTRO ACO ALTONA S.A.
EALT4,ELECTRO ACO ALTONA S.A.
EBAY34,EBAY INC.
EBTL3,EMBRATEL - EMPR.BRASILEIRA DE TELEC S.A.
ECOO11,ISHARES ÍNDICE CARBONO EFIC. (ICO2) BRASIL-FDO ÍND
ECOR3,ECORODOVIAS INFRAESTRUTURA E LOGÍSTICA S.A.
ECPR3,EMPRESA NAC COM REDITO PART S.A.ENCORPAR
ECPR4,EMPRESA NAC COM REDITO PART S.A.ENCORPAR
EDFO11B,FDO INV IMOB EDIFÍCIO OURINVEST
EDGA11,FDO INV IMOB - FII EDIFÍCIO GALERIA
EEEL3,CIA ESTADUAL GER.TRANS.ENER.ELET-CEEE-GT
EEEL4,CIA ESTADUAL GER.TRANS.ENER.ELET-CEEE-GT
EGCE3,ENERGISA GERACAO CENTRAIS EOLICAS RN S.A.
EGIE3,ENGIE BRASIL ENERGIA S.A.
EGYR11,ENERGY RESORT FDO. INVEST. IMOB.
EGYR13,ENERGY RESORT FDO. INVEST. IMOB.
EKTR3,ELEKTRO REDES S.A.
EKTR4,ELEKTRO REDES S.A.
ELBR4,ELEBRA S/A ELETRONICA BRASILEIRA
ELCI34,ESTEE LAUDER COMPANIES INC
ELDO11B,FDO INV IMOB - FII ELDORADO
ELET3,CENTRAIS ELET BRAS S.A. - ELETROBRAS
ELET5,CENTRAIS ELET BRAS S.A. - ELETROBRAS
ELET6,CENTRAIS ELET BRAS S.A. - ELETROBRAS
EMAE3,EMAE - EMPRESA METROP.AGUAS ENERGIA S.A.
EMAE4,EMAE - EMPRESA METROP.AGUAS ENERGIA S.A.
EMBP3,EMBRAPAR PARTICIPACOES S.A.
EMBP4,EMBRAPAR PARTICIPACOES S.A.
EMBR3,EMBRAER S.A.
ENAC3,CIA ARMAZENS GERAIS ENTREPOSTOS DO ACRE
ENAT3,ENAUTA PARTICIPAÇÕES S.A.
ENBR3,EDP - ENERGIAS DO BRASIL S.A.
ENEV3,ENEVA S.A
ENGI11,ENERGISA S.A.
ENGI12,ENERGISA S.A.
ENGI3,ENERGISA S.A.
ENGI4,ENERGISA S.A.
ENJU3,ENJOEI.COM.BR ATIVIDADES DE INTERNET S.A.
ENMT3,ENERGISA MATO GROSSO-DISTRIBUIDORA DE ENERGIA S/A
ENMT4,ENERGISA MATO GROSSO-DISTRIBUIDORA DE ENERGIA S/A
EPCO15,ENCALSO PARTICIPACOES EM CONCESSOES S.A.
EPCO19,ENCALSO PARTICIPACOES EM CONCESSOES S.A.
EPCO20,ENCALSO PARTICIPACOES EM CONCESSOES S.A.
EPCO21,ENCALSO PARTICIPACOES EM CONCESSOES S.A.
EPCO3,ENCALSO PARTICIPACOES EM CONCESSOES S.A.
EPTR4,EMPR TURISMO DE PERNAMBUCO S.A. -EMPETUR
EQIX34,EQUINIX INC
EQMA3B,EQUATORIAL MARANHÃO DISTRIBUIDORA DE ENERGIA S.A.
EQMA5B,EQUATORIAL MARANHÃO DISTRIBUIDORA DE ENERGIA S.A.
EQMA6B,EQUATORIAL MARANHÃO DISTRIBUIDORA DE ENERGIA S.A.
EQPA3,EQUATORIAL PARA DISTRIBUIDORA DE ENERGIA S.A.
EQPA5,EQUATORIAL PARA DISTRIBUIDORA DE ENERGIA S.A.
EQPA6,EQUATORIAL PARA DISTRIBUIDORA DE ENERGIA S.A.
EQPA7,EQUATORIAL PARA DISTRIBUIDORA DE ENERGIA S.A.
EQTL3,EQUATORIAL ENERGIA S.A.
ERPA11,EUROPA 105 - FDO INV IMOB
ESGB11,BTG PACTUAL ESG FUNDO DE ÍNDICE S&P/B3 BRAZIL ES
ESSD3,ENERGISA SUL-SUDESTE DISTRIBUIDORA DE ENERGIA S.A.
ESTQ11,FDO INV IMOB POLO ESTOQUE II - FII
ESTQ12,FDO INV IMOB POLO ESTOQUE II - FII
ESTR3,MANUFATURA DE BRINQUEDOS ESTRELA S.A.
ESTR4,MANUFATURA DE BRINQUEDOS ESTRELA S.A.
ESUD11,FDO INV PART IE BB VOTORANTIM ENERG SUSTENT II
ESUD12,FDO INV PART IE BB VOTORANTIM ENERG SUSTENT II
ESUT11,FDO INV PART IE BB VOTORANTIM ENERG SUSTENT III
ESUT12,FDO INV PART IE BB VOTORANTIM ENERG SUSTENT III
ESUU11,FDO INV PART IE BB VOTORANTIM ENERG SUSTENT I
ESUU12,FDO INV PART IE BB VOTORANTIM ENERG SUSTENT I
ETER3,ETERNIT S.A.
ETGO3,EMPR DE TRANSP URBANO DO EST GOIAS S.A.
ETGO4,EMPR DE TRANSP URBANO DO EST GOIAS S.A.
ETRO9B,ELETRON S.A.
EUCA3,EUCATEX S.A. INDUSTRIA E COMERCIO
EUCA4,EUCATEX S.A. INDUSTRIA E COMERCIO
EURO11,FDO INV IMOB EUROPAR
EVBI11,VBI CONSUMO ESSEN FDO. INVEST. IMOB.
EVBI13,VBI CONSUMO ESSEN FDO. INVEST. IMOB.
EVBI14,VBI CONSUMO ESSEN FDO. INVEST. IMOB.
EVEN3,EVEN CONSTRUTORA E INCORPORADORA S.A.
EXGR34,EXPEDIA GROUP INC
EXXO34,EXXON MOBIL CORPORATION
EZTB11,FDO INV IMOB EZTB - FII
EZTC3,EZ TEC EMPREEND. E PARTICIPACOES S.A.
F1AN34,Diamondback Energy Inc
F1BH34,Fortune Brands Home & Security Inc
F1EC34,FIRSTENERGY CORP
F1FI34,F5 NETWORKS INC
F1IS34,FISERV INC
F1LI34,FLIR SYSTEMS INC
F1LS34,FLOWSERVE CORP
F1MC34,FMC CORP
F1NI34,FIDELITY NATIONAL INFORMATION SERVICES INC
F1RA34,FRANKLIN RESOURCES INC
F1RC34,FIRST REPUBLIC BANK
F1RI34,FEDERAL REALTY INVESTMENT TRUST
F1SL34,FASTLY INC
F1TN34,Fortinet Inc
F1TV34,Fortive Corp
FAED11,FDO INV IMOB - FII ANHANGUERA EDUCACIONAL
FAEL6,FAE -FERRAGENS E APARELHOS ELETRICOS S.A
FAEL7,FAE -FERRAGENS E APARELHOS ELETRICOS S.A
FAMB11B,FDO INV IMOB - FII EDIFÍCIO ALMIRANTE BARROSO
FASL34,FASTENAL CO
FATN11,FUNDO DE INVESTIMENTO IMOBILIÁRIO ATHENA I
FATN12,FUNDO DE INVESTIMENTO IMOBILIÁRIO ATHENA I
FAVM11,FDO INV. IMOB. - AVM FII
FBOK34,"FACEBOOK, INC."
FBTS11,FDO INV IMOB VOTORANTIM BII BTS
FCCQ11,CONQUEST FIP EMPRESAS EMERGENTES
FCFL11,FDO INV IMOB - FII CAMPUS FARIA LIMA
FCXO34,FREEPORT-MCMORAN INC.
FDES11,FDO DE DESENVOLVIMENTO DO ESPÍRITO SANTO - FUNDES
FDMO34,FORD MOTORS COMPANY
FDXB34,FEDEX CORPORATION
FESA3,CIA FERRO LIGAS DA BAHIA - FERBASA
FESA4,CIA FERRO LIGAS DA BAHIA - FERBASA
FEXC11,FDO INV IMOB - FII BTG PACTUAL FUNDO DE CRI
FFTD34,FIFTH THIRD BANCORP
FGRT5,FRIGORIFICO REDENTOR S.A.
FHER3,FERTILIZANTES HERINGER S.A.
FIGE3,INVESTIMENTOS BEMGE S.A.
FIGE4,INVESTIMENTOS BEMGE S.A.
FIGS11,FDO INV IMOB GENERAL SHOPPING ATIVO E RENDA - FII
FIGV11,FDO INV. IMOB. GV BLUE CHIP
FIIB11,FDO INV IMOB INDUSTRIAL DO BRASIL
FIIP11B,RB CAPITAL RENDA I FDO INV IMOB - FII
FIND11,IT NOW IFNC FUNDO DE ÍNDICE
FINF11,FDO INV IMOB INFRA REAL ESTATE - FII
FISC11,FDO INV IMOB SC 401
FISD11,SAO DOMINGOS FDO INV IMOB - FII
FIVN11,FDO INV IMOB VIDA NOVA - FII
FKEN11B,FDO INV IMOB KENNEDY SQUARE - FII
FLCR11,FARIA LIMA CAPITAL RECEB. IMOB. I - FDO INV. IMOB.
FLCR12,FARIA LIMA CAPITAL RECEB. IMOB. I - FDO INV. IMOB.
FLCR13,FARIA LIMA CAPITAL RECEB. IMOB. I - FDO INV. IMOB.
FLCR14,FARIA LIMA CAPITAL RECEB. IMOB. I - FDO INV. IMOB.
FLCT11,02 FILMES CURTOS LTDA.
FLEX3,FLEX GESTÃO DE RELACIONAMENTOS S.A.
FLMA11,FDO INV IMOB CONTINENTAL SQUARE FARIA LIMA
FLRP11,FDO INV IMOB - FII FLORIPA SHOPPING
FLRY3,FLEURY S.A.
FLTC34,FLEETCOR TECHNOLOGIES INC
FMOB11,IMMOB III - GALPOES E LAJES CORP. FDO INV. IMOB.
FMOB12,IMMOB III - GALPOES E LAJES CORP. FDO INV. IMOB.
FMOF11,FDO INV IMOB MEMORIAL OFFICE
FMSC34,FRESENIUS MEDICAL CARE AG & CO KGAA
FMXB34,FOMENTO ECONOMICO MEXICANO SAB DE CV - FEMSA
FNAM11,FDO INV DA AMAZONIA
FNCN3,FINANSINOS S.A.- CREDITO FINANC E INVEST
FNOR11,FDO INV DO NORDESTE
FNUV3,FENAUVA-FEIRA NAC DA UVA TUR E EMPR S.A.
FOXC34,FOX CORPORATION
FPAB11,FDO INV IMOB PROJETO ÁGUA BRANCA
FPNG11,FDO INV IMOB PEDRA NEGRA RENDA IMOB
FPOR11,PORTO SUDESTE ROYALTIES - FIP-IE
FPOR12,PORTO SUDESTE ROYALTIES - FIP-IE
FRAS3,FRAS-LE S.A.
FRIO3,METALFRIO SOLUTIONS S.A.
FRNV3,CIA DE NAVEG DO SAO FRANCISCO - FRANAVE
FRRN3B,RUMO MALHA NORTE S.A.
FRRN5B,RUMO MALHA NORTE S.A.
FRRN6B,RUMO MALHA NORTE S.A.
FRTA3,POMIFRUTAS S/A
FSLR34,"FIRST SOLAR, INC"
FSPE11,FDO INV SETORIAL PESCA
FSRF11,FDO INV SETORIAL FL E REF
FSTU11,FDO INV SETORIAL TURISMO
FTCE11B,OPPORTUNITY FDO INV IMOB
FTCE13B,OPPORTUNITY FDO INV IMOB
FTRO3,FRUTOS TROPICAIS S/A
FVBI11,FDO INV IMOB VBI FL 4440 - FII
FVPQ11,FDO INV IMOB VIA PARQUE SHOPPING - FII
G1AR34,GARTNER INC
G1LL34,GLOBE LIFE INC
G1LW34,CORNING INC
G1MI34,General Mills Inc
G1PC34,GENUINE PARTS CO
G1PI34,Global Payments Inc
G1RM34,GARMIN LTD
G1WW34,WW GRAINGER INC
GALG11,GUARDIAN LOGISTICA FDO. INVEST. IMOB.
GALG13,GUARDIAN LOGISTICA FDO. INVEST. IMOB.
GCFF11,GALAPAGOS FDO DE FDO - FII FDO INV. IMOB.
GDBR34,GENERAL DYNAMICS CORP.
GEOO34,GENERAL ELECTRIC COMPANY
GEPA3,RIO PARANAPANEMA ENERGIA S.A.
GEPA4,RIO PARANAPANEMA ENERGIA S.A.
GESE11B,FDO INV IMOB GENERAL SEVERIANO - FII
GFSA3,GAFISA S.A.
GGBR3,GERDAU S.A.
GGBR4,GERDAU S.A.
GGRC11,GGR COVEPI RENDA FDO INV IMOB
GGRF11,GGR ESTRATEGIA FDO INV IMOB - FII
GILD34,"GILEAD SCIENCES, INC."
GLAZ11,GLAZ CINEMA E VIDEO LTDA. - ME
GMAT3,GRUPO MATEUS S.A.
GMCO34,GENERAL MOTORS COMPANY
GNDI3,NOTRE DAME INTERMEDICA PARTICIPACOES SA
GNTV11,GRUPO NOVO DE CINEMA E TV LTDA.
GOAU3,METALURGICA GERDAU S.A.
GOAU4,METALURGICA GERDAU S.A.
GOGL34,ALPHABET INC.
GOGL35,ALPHABET INC.
GOLL11,GOL LINHAS AEREAS INTELIGENTES S.A.
GOLL12,GOL LINHAS AEREAS INTELIGENTES S.A.
GOLL4,GOL LINHAS AEREAS INTELIGENTES S.A.
GOVE11,IT NOW IGCT FUNDO DE ÍNDICE
GPAR3,CIA CELG DE PARTICIPACOES - CELGPAR
GPCP3,GPC PARTICIPACOES S.A.
GPCP4,GPC PARTICIPACOES S.A.
GPIV33,"GP INVESTMENTS, LTD."
GPLA5,GEPLAN HOTEIS S.A.
GPRK34,GEOPARK LTD
GPRO34,"GOPRO, INC."
GPSI34,"THE GAP, INC."
GRLV11,CSHG GR LOUVEIRA FDO DE INV IMOB - FII
GRND3,GRENDENE S.A.
GRRO11,GREEN ROCK - FDO INV IMOB
GSFI11,GENERAL SHOP E OUTLETS DO BRASIL FDO INV IMOB - FI
GSGI34,GOLDMAN SACHS GROUP INC.
GSHP3,GENERAL SHOPPING E OUTLETS DO BRASIL S.A.
GTIS11,GTIS ENERGIA FDO. INVEST EM PART. INFRAESTRUTURA
GTPC11,G. T. PRODUCOES CINEMATOGRAFICAS LTDA.
GTWR11,FDO INV IMOB GREEN TOWERS
GUAR3,GUARARAPES CONFECCOES S.A.
H1AS34,Hasbro Inc
H1BA34,HUNTINGTON BANCSHARES INC
H1BI34,Hanesbrands Inc
H1CA34,HCA HEALTHCARE INC
H1EI34,HEICO CORPORATION
H1ES34,Hess Corp
H1FC34,HollyFrontier Corp
H1IG34,HARTFORD FINANCIAL SERVICES GROUP INC
H1II34,HUNTINGTON INGALLS INDUSTRIES INC
H1LT34,HILTON WORLDWIDE HOLDINGS INC
H1OG34,HARLEY-DAVIDSON INC
H1OL34,HOLOGIC INC
H1PE34,HEWLETT PACKARD ENTERPRISE CO
H1RB34,H&R BLOCK INC
H1RL34,HORMEL FOODS CORP
H1SI34,HENRY SCHEIN INC
H1ST34,HOST HOTELS & RESORTS INC
H1UM34,HUMANA INC
H1ZN34,HORIZON THERAPEUTICS PLC
HAAA11,HEDGE AAA FDO. INV. IMOB.
HABT11,HABITAT II - FDO INV IMOB
HAGA3,HAGA S.A. INDUSTRIA E COMERCIO
HAGA4,HAGA S.A. INDUSTRIA E COMERCIO
HALI34,HALLIBURTON COMPANY
HAPV3,HAPVIDA PARTICIPACOES E INVESTIMENTOS SA
HBOR3,HELBOR EMPREENDIMENTOS S.A.
HBRH11,FDO.INVEST. IMOB. MULTI RENDA URBANA
HBSA3,HIDROVIAS DO BRASIL S.A.
HBTS3,CIA HABITASUL DE PARTICIPACOES
HBTS5,CIA HABITASUL DE PARTICIPACOES
HBTS6,CIA HABITASUL DE PARTICIPACOES
HCBR1,BR HOME CENTERS S.A.
HCRI11,FDO INV IMOB - FII HOSPITAL DA CRIANÇA
HCST11,HECTARE DESENV. STUDENT HOUSING - FDO. INV. IMOB.
HCTR11,HECTARE CE - FDO INV IMOB
HCTR13,HECTARE CE - FDO INV IMOB
HCTR14,HECTARE CE - FDO INV IMOB
HERM11,FDO INV IMOB HERMES
HETA3,HERCULES S.A. FABRICA DE TALHERES
HETA4,HERCULES S.A. FABRICA DE TALHERES
HFOF11,HEDGE TOP FOFII 3 FDO INV IMOB
HGBS11,HEDGE BRASIL SHOPPING FDO INV IMOB
HGCR11,CSHG RECEBÍVEIS IMOBILIÁRIOS FDO INV IMOB - FII
HGFF11,CSHG IMOB. FOF - FDO INV. IMOB. - FII
HGLG11,CSHG LOGÍSTICA FDO INV IMOB - FII
HGPO11,CSHG PRIME OFFICES FDO INV IMOB - FII
HGRE11,CSHG REAL ESTATE FDO INV IMOB - FII
HGRU11,CSHG RENDA URBANA - FDO INV IMOB - FII
HGRU12,CSHG RENDA URBANA - FDO INV IMOB - FII
HGTX3,CIA HERING
HLJP3,HOTEL LAJE DE PEDRA S.A.
HLOG11,HEDGE LOGÍSTICA FDO. INV. IMOB.
HLOG12,HEDGE LOGÍSTICA FDO. INV. IMOB.
HMOC11,HEDGE SHOPPING PRAÇA DA MOÇA FDO INV IMOB
HOAM5,CIA TROPICAL DE HOTEIS DA AMAZONIA
HOAM6,CIA TROPICAL DE HOTEIS DA AMAZONIA
HOME34,"THE HOME DEPOT, INC."
HONB34,HONEYWELL INTERNATIONAL INC.
HOND34,HONDA MOTOR CO LTD
HOOT3,HOTEIS OTHON S.A.
HOOT4,HOTEIS OTHON S.A.
HOSI11,FDO. INV. IMOB. HOUSI
HPDP11,HEDGE SHOPPING PARQUE DOM PEDRO FDO. DE INV. IMOB.
HPQB34,HEWLETT-PACKARD COMPANY
HRDF11,HEDGE REALTY DEVELOPMENT FDO INV IMOB
HREC11,HEDGE RECEBÍVEIS FDO. INVEST. IMOB.
HSAF11,HSI ATIVOS FINANCEIROS FUNDO DE INVESTIMENTO IMOBI
HSHY34,THE HERSHEY COMPANY
HSML11,HSI MALL FDO INV IMOB
HSRE11,HSI RENDA IMOB FDO INV IMOB
HSRE13,HSI RENDA IMOB FDO INV IMOB
HTMX11,FDO INV IMOB - FII HOTEL MAXINVEST
HUSC11,FDO INV IMOB HOSPITAL UNIMED SUL CAPIXABA
HUSI11,HUSI FDO INV. IMOB.
HYPE3,HYPERA S.A.
I1AC34,IAC INTERACTIVECORPORATION
I1CE34,INTERCONTINENTAL EXCHANGE INC
I1DX34,IDEXX LABORATORIES INC
I1EX34,IDEX CORPORATION
I1FF34,INTERNATIONAL FLAVORS & FRAGRANCES INC
I1FO34,INFOSYS LTD
I1LM34,ILLUMINA INC
I1NC34,INCYTE CORP
I1NF34,IHS MARKIT LTD
I1PC34,INTERNATIONAL PAPER CO
I1PG34,IPG PHOTONICS CORP
I1PH34,INTERPUBLIC GROUP OF COS INC
I1QV34,IQVIA HOLDINGS INC
I1QY34,IQIYI INC
I1RM34,IRON MOUNTAIN INC
I1RP34,TRANE TECHNOLOGIES PLC
I1SR34,INTUITIVE SURGICAL INC
I1TW34,ILLINOIS TOOL WORKS INC
I1VZ34,INVESCO LTD
I1XC34,ORIX CORP
IBFF11,FDO INV. IMOB. FOF INTEGRAL BREI
IBFF13,FDO INV. IMOB. FOF INTEGRAL BREI
IBMB34,INTERNATIONAL BUSINESS MACHINES CORPORATION
IBOV11,INDICE BOVESPA
IBRA11,ÍNDICE BRASIL AMPLO BMFBOVESPA
IBXL11,INDICE IBRX 50
IBXX11,INDICE BRASIL
ICO211,ÍNDICE CARBONO EFICIENTE
ICON11,INDICE SETORIAL DE CONSUMO
IDIV11,ÍNDICE DIVIDENDOS BMFBOVESPA
IDVL3,BCO INDUSVAL S.A.
IDVL4,BCO INDUSVAL S.A.
IEEX11,INDICE DE ENERGIA ELETRICA
IFID11,IFI-D FUNDO DE INVESTIMENTO IMOBILIARIO - FII
IFID13,IFI-D FUNDO DE INVESTIMENTO IMOBILIARIO - FII
IFIE11,IFI-E FUNDO DE INVESTIMENTO IMOBILIARIO - FII
IFIX11,ÍNDICE FUNDOS INV IMOBILIÁRIOS BMFBOVESPA
IFNC11,ÍNDICE BMFBOVESPA FINANCEIRO
IFRA11,ITAÚ - FDO INV. EM COTAS DE FIDC DE INFRAESTRUTURA
IGBR3,IGB ELETRÔNICA S/A
IGCT11,ÍNDICE DE GOVERNANÇA CORPORATIVA TRADE
IGCX11,INDICE ACOES GOVERNANCA CORPORATIVA DIF.
IGNM11,ÍNDICE GOVERNANÇA CORPORTATIVA NOVO MERCADO
IGSN3,IGUA SANEAMENTO S.A.
IGTA3,IGUATEMI EMPRESA DE SHOPPING CENTERS S.A
IMAT11,ÍNDICE MATERIAIS BÁSICOS BMFBOVESPA
IMIV11,IMMOB IV - BRAGANÇA FDO. INV. IMOB.
IMIV13,IMMOB IV - BRAGANÇA FDO. INV. IMOB.
IMMO11,IMMOB II FDO INV IMOB - FII
IMMO12,IMMOB II FDO INV IMOB - FII
IMMO13,IMMOB II FDO INV IMOB - FII
IMMV11,IMMOB V DESENVOLVIMENTO FDO. INVEST. IMOB. - FII
IMMV13,IMMOB V DESENVOLVIMENTO FDO. INVEST. IMOB. - FII
IMOB11,ÍNDICE BMFBOVESPA IMOBILIÁRIO
INDX11,INDICE DO SETOR INDUSTRIAL
INEP3,INEPAR S.A. INDUSTRIA E CONSTRUCOES
INEP4,INEPAR S.A. INDUSTRIA E CONSTRUCOES
INGG34,ING GROEP NV
INNT11,INTER CONSTRUTORA E INCORPORADORA S.A.
INNT12,INTER CONSTRUTORA E INCORPORADORA S.A.
INNT13,INTER CONSTRUTORA E INCORPORADORA S.A.
INNT3,INTER CONSTRUTORA E INCORPORADORA S.A.
INTI11,FDO INV IMOB INTERMEDIUM - FII
INTU34,INTUIT INC
IRBL11,IRB INTERNACIONAL FDO INV IMOB -FII
IRBR3,IRB - BRASIL RESSEGUROS S.A.
IRDM11,FII IRIDIUM RECEBÍVEIS IMOBILIÁRIOS
ISBC34,INVESTORS BANCORP INC
ISEE11,ISE-INDICE SUSTENTABILIDADE EMPRESARIAL
ISSH11,INTERNACIONAL SHOPPING FDO INV IMOB
ISUS11,IT NOW ISE FUNDO DE ÍNDICE
ITAG11,ITAG INDICE ACOES TAG ALONG DIFERENCIADO
ITLC34,INTEL CORPORATION
ITSA3,ITAUSA S.A.
ITSA4,ITAUSA S.A.
ITUB3,ITAU UNIBANCO HOLDING S.A.
ITUB4,ITAU UNIBANCO HOLDING S.A.
IVBX11,INDICE VALOR BOVESPA 2.LINHA
IVLG3B,INVITEL LEGACY S.A.
IVPR3B,INVESTIMENTOS E PARTICIP. EM INFRA S.A. - INVEPAR
IVPR4B,INVESTIMENTOS E PARTICIP. EM INFRA S.A. - INVEPAR
IVVB11,ISHARES S&P 500 FDO INV COTAS FDO INDICE
J1BH34,JB HUNT TRANSPORT SERVICES INC
J1CI34,JOHNSON CONTROLS INTERNATIONAL PLC
J1EF34,JEFFERIES FINANCIAL GROUP INC
J1EG34,JACOBS ENGINEERING GROUP INC
J1KH34,JACK HENRY & ASSOCIATES INC
J1NP34,JUNIPER NETWORKS INC
J1WN34,NORDSTROM INC
JBDU3,INDUSTRIAS J B DUARTE S.A.
JBDU4,INDUSTRIAS J B DUARTE S.A.
JBFO11,JBFO FOF FDO INV. IMOB.
JBFO13,JBFO FOF FDO INV. IMOB.
JBSS3,JBS S.A.
JCBA6,J C BARRETTO FERTILIZANTES S.A.
JDCO34,JD.COM INC
JFEN3,JOAO FORTES ENGENHARIA S.A.
JHSF3,JHSF PARTICIPACOES S.A.
JKDF11,FDO INV IMOB JK D - FII
JKEF11,FDO INV IMOB JK E - FII
JNJB34,JOHNSON & JOHNSON
JOPA3,JOSAPAR-JOAQUIM OLIVEIRA S.A. - PARTICIP
JOPA4,JOSAPAR-JOAQUIM OLIVEIRA S.A. - PARTICIP
JPMC34,JPMORGAN CHASE & CO.
JPPA11,JPP ALLOCATION MOGNO - FDO INV IMOB
JPPA13,JPP ALLOCATION MOGNO - FDO INV IMOB
JPPC11,JPP CAPITAL FDO INV IMOB - FII
JPPV11,JPP CAPITAL VALUE FDO INV IMOB
JPSA3,JEREISSATI PARTICIPACOES S.A.
JRDM11,FDO INV IMOB - FII SHOPPING JARDIM SUL
JSLG11,JSL S.A.
JSRE11,JS REAL ESTATE MULTIGESTÃO - FII
JTPR11,JT PREV FDO INV IMOB DESENVOLVIMENTO HABITACIONAL
K1BF34,KB FINANCIAL GROUP INC
K1CS34,KANSAS CITY SOUTHERN
K1EL34,KELLOGG CO
K1EY34,KEYCORP
K1IM34,KIMCO REALTY CORP
K1LA34,KLA CORP
K1MX34,CARMAX INC
K1RC34,KROGER CO
K1SG34,KEYSIGHT TECHNOLOGIES INC
K1SS34,KOHLS CORP
K1TC34,KT CORP
KALS5,KA 2 LAUNDRY SERVICES S.A.
KDIF11,KINEA INFRA - FDO INV EM COTAS DE FIDC IE
KDIF12,KINEA INFRA - FDO INV EM COTAS DE FIDC IE
KDIF13,KINEA INFRA - FDO INV EM COTAS DE FIDC IE
KEPL11,KEPLER WEBER S.A.
KEPL3,KEPLER WEBER S.A.
KEVE11,EVEN II KINEA FUNDO DE INVESTIMENTO IMOBILIÁRIO
KEVE13,EVEN II KINEA FUNDO DE INVESTIMENTO IMOBILIÁRIO
KFOF11,FUNDO DE FDO INV IMOB KINEA FII
KFOF13,FUNDO DE FDO INV IMOB KINEA FII
KHCB34,THE KRAFT HEINZ COMPANY
KINP11,EVEN PERMUTA KINEA FII - FDO INV IMOB
KISU11,KILIMA FIC FDO. IMOB. SUNO 30
KISU13,KILIMA FIC FDO. IMOB. SUNO 30
KLAS3,KALLAS INCORPORACOES E CONSTRUCOES S.A.
KLBN11,KLABIN S.A.
KLBN13,KLABIN S.A.
KLBN3,KLABIN S.A.
KLBN4,KLABIN S.A.
KMBB34,KIMBERLY-CLARK CORP
KMIC34,KINDER MORGAN INC
KMPR34,KEMPER CORP
KNCR11,KINEA RENDIMENTOS IMOBILIÁRIOS FDO INV IMOB - FII
KNFF11,KINEA REAL ESTATE FUNDS FDO INV IMOB - FII
KNHY11,KINEA HIGH YIELD CRI FDO INV IMOB - FII
KNHY12,KINEA HIGH YIELD CRI FDO INV IMOB - FII
KNIP11,KINEA ÍNDICES DE PREÇOS FDO INV IMOB - FII
KNIP13,KINEA ÍNDICES DE PREÇOS FDO INV IMOB - FII
KNRE11,KINEA II REAL ESTATE EQUITY FDO INV IMOB
KNRI11,KINEA RENDA IMOBILIÁRIA FDO INV IMOB - FII
KNSC11,KINEA SECURITIES FDO. DE INV. IMOB. - FII
KNSC13,KINEA SECURITIES FDO. DE INV. IMOB. - FII
L1BT34,LIBERTY GLOBAL PLC
L1BT35,LIBERTY GLOBAL PLC
L1CA34,LABORATORY CORP OF AMERICA HOLDINGS
L1DO34,LEIDOS HOLDINGS INC
L1EG34,LEGGETT  PLATT INC
L1EN34,LENNAR CORP
L1FC34,CHINA LIFE INSURANCE CO LTD
L1HX34,L3HARRIS TECHNOLOGIES INC
L1IN34,LINDE PLC
L1KQ34,LKQ CORP
L1MN34,"LUMEN TECHNOLOGIES, INC"
L1NC34,LINCOLN NATIONAL CORP
L1OE34,LOEWS CORP
L1RC34,LAM RESEARCH CORP
L1UL34,LULULEMON ATHLETICA INC
L1VS34,LAS VEGAS SANDS CORPORATION
L1WH34,LAMB WESTON HOLDINGS INC
L1YB34,LyondellBasell Industries NV
L1YV34,LIVE NATION ENTERTAINMENT INC
LAME3,LOJAS AMERICANAS S.A.
LAME4,LOJAS AMERICANAS S.A.
LASC11,LEGATUS SHOPPINGS FDO. INV. IMOB. - FII
LATR11B,LATERES FDO INV IMOB - FII
LATR12B,LATERES FDO INV IMOB - FII
LAUP11,LAUPER FILMS LTDA.
LAVV3,LAVVI EMPREENDIMENTOS IMOBILIÁRIOS S.A.
LBRD34,LIBERTY BROADBAND CORP
LBRN34,"L BRANDS, INC."
LCAM3,CIA LOCAÇÃO DAS AMÉRICAS
LCII11,LCI PREMIUM II FDO INV IMOB - FII
LECA11B,LECCA FIDC
LEVE3,MAHLE-METAL LEVE S.A.
LFTT11,LOFT II FUNDO DE INVESTIMENTO IMOBILIÁRIO
LFTT12,LOFT II FUNDO DE INVESTIMENTO IMOBILIÁRIO
LGCP11,LOGCP INTER FDO INV IMOB
LGCP12,LOGCP INTER FDO INV IMOB
LGCP14,LOGCP INTER FDO INV IMOB
LIGT3,LIGHT S.A.
LILY34,ELI LILLY AND COMPANY
LINX3,LINX S.A.
LIPR3,ELETROBRÁS PARTICIPAÇÕES S.A. - ELETROPAR
LJQQ3,LOJAS QUERO-QUERO S/A
LLIS3,RESTOQUE COMÉRCIO E CONFECÇÕES DE ROUPAS S.A.
LMED3,LIFEMED INDUSTRIAL EQUIP. DE ART. MÉD. HOSP. S.A.
LMTB34,LOCKHEED MARTIN CORPORATION
LOFT11B,LOFT I - FDO INV IMOB
LOFT12B,LOFT I - FDO INV IMOB
LOFT13B,LOFT I - FDO INV IMOB
LOGG3,LOG COMMERCIAL PROPERTIES
LOGN3,LOG-IN LOGISTICA INTERMODAL S.A.
LOGS3,LOGASA INDUSTRIA E COMERCIO S.A.
LOGS4,LOGASA INDUSTRIA E COMERCIO S.A.
LOWC34,LOWES COMPANIES INC
LPSB3,LPS BRASIL - CONSULTORIA DE IMOVEIS S.A.
LREN3,LOJAS RENNER S.A.
LSXM34,LIBERTY MEDIA CORP
LSXM35,LIBERTY MEDIA CORP
LTEL3B,LITEL PARTICIPACOES S.A.
LTLA3B,LITELA PARTICIPAÇÕES S.A.
LUGG11,LUGGO FDO. INV. IMOB.
LUPA11,LUPATECH S.A.
LUPA3,LUPATECH S.A.
LUXM3,TREVISA INVESTIMENTOS S.A.
LUXM4,TREVISA INVESTIMENTOS S.A.
LVBI11,FDO INV IMOB - VBI LOGÍSTICO
LVBI13,FDO INV IMOB - VBI LOGÍSTICO
LVBI14,FDO INV IMOB - VBI LOGÍSTICO
LWSA3,LOCAWEB SERVIÇOS DE INTERNET S.A.
M1AA34,MID-AMERICA APARTMENT COMMUNITIES INC
M1AS34,MASCO CORP
M1CB34,MOLSON COORS BREWING CO
M1CH34,MICROCHIP TECHNOLOGY INC
M1CK34,MCKESSON CORP
M1DB34,MONGODB INC
M1GM34,MGM RESORTS INTERNATIONAL
M1HK34,MOHAWK INDUSTRIES INC
M1KC34,MCCORMICK & CO INC
M1KT34,MARKETAXESS HOLDINGS INC
M1LM34,MARTIN MARIETTA MATERIALS INC
M1MC34,Marsh & McLennan Cos Inc
M1NS34,Monster Beverage Corp
M1PC34,MARATHON PETROLEUM CORP
M1RN34,MODERNA INC
M1RO34,MARATHON OIL CORP
M1SC34,MSCI INC
M1SI34,MOTOROLA SOLUTIONS INC
M1TB34,M&T BANK CORP
M1TC34,MATCH GROUP INC
M1TD34,METTLER-TOLEDO INTERNATIONAL INC
M1TT34,MARRIOTT INTERNATIONAL INC
M1XI34,MAXIM INTEGRATED PRODUCTS INC
MACY34,MACYS INC.
MALL11,MALLS BRASIL PLURAL FDO INV IMOB
MAPT3,CEMEPE INVESTIMENTOS S.A.
MAPT4,CEMEPE INVESTIMENTOS S.A.
MAQN11,MAQUINA DE VENDAS BRASIL PARTICIPAÇÕES S.A.
MAQN12,MAQUINA DE VENDAS BRASIL PARTICIPAÇÕES S.A.
MAQN3,MAQUINA DE VENDAS BRASIL PARTICIPAÇÕES S.A.
MAQN4,MAQUINA DE VENDAS BRASIL PARTICIPAÇÕES S.A.
MATB11,IT NOW IMAT FUNDO DE ÍNDICE
MAXR11,FDO INV IMOB - FII MAX RETAIL
MBBI11,MB BI FDO INV IMOB
MBRF11,FDO INV IMOB MERCANTIL DO BRASIL - FII
MCCI11,FDO INV. MAUA CAPITAL RECEBIVEIS IMOB. - FII
MCDC34,MCDONALDS CORP.
MCFF11,MAUÁ CAPITAL FOF - FDO. INVEST. IMOB.
MCOR34,MOODYS CORP
MCRJ11B,MUNICÍPIO DO RIO DE JANEIRO
MDIA3,M.DIAS BRANCO S.A. IND COM DE ALIMENTOS
MDIN3,MUNDIAL INC
MDLZ34,"MONDELEZ INTERNATIONAL, INC"
MDNE3,MOURA DUBEUX ENGENHARIA S/A
MDSI3,MUNDIAL ASIA HONG KONG
MDTC34,MEDTRONIC PUBLIC LIMITED COMPANY
MEAL3,INTERNATIONAL MEAL COMPANY ALIMENTACAO S.A.
MELI34,MERCADOLIBRE INC
MELK3,MELNICK EVEN DESENVOLVIMENTO IMOBILIÁRIO S.A.
MERC3,MERCANTIL BRASIL FINANC S.A. C.F.I.
MERC4,MERCANTIL BRASIL FINANC S.A. C.F.I.
METB34,METLIFE INC
MFAI11,MERITO FDO. AÇÕES IMOB. FII - FDO INV. IMOB.
MFAI13,MERITO FDO. AÇÕES IMOB. FII - FDO INV. IMOB.
MFAI14,MERITO FDO. AÇÕES IMOB. FII - FDO INV. IMOB.
MFAI15,MERITO FDO. AÇÕES IMOB. FII - FDO INV. IMOB.
MFAI16,MERITO FDO. AÇÕES IMOB. FII - FDO INV. IMOB.
MFAI17,MERITO FDO. AÇÕES IMOB. FII - FDO INV. IMOB.
MFAI18,MERITO FDO. AÇÕES IMOB. FII - FDO INV. IMOB.
MFAI19,MERITO FDO. AÇÕES IMOB. FII - FDO INV. IMOB.
MFAI20,MERITO FDO. AÇÕES IMOB. FII - FDO INV. IMOB.
MFAI21,MERITO FDO. AÇÕES IMOB. FII - FDO INV. IMOB.
MFAI22,MERITO FDO. AÇÕES IMOB. FII - FDO INV. IMOB.
MFAI23,MERITO FDO. AÇÕES IMOB. FII - FDO INV. IMOB.
MFAI24,MERITO FDO. AÇÕES IMOB. FII - FDO INV. IMOB.
MFAI25,MERITO FDO. AÇÕES IMOB. FII - FDO INV. IMOB.
MFAI26,MERITO FDO. AÇÕES IMOB. FII - FDO INV. IMOB.
MFAI27,MERITO FDO. AÇÕES IMOB. FII - FDO INV. IMOB.
MFAI28,MERITO FDO. AÇÕES IMOB. FII - FDO INV. IMOB.
MFAI29,MERITO FDO. AÇÕES IMOB. FII - FDO INV. IMOB.
MFAI30,MERITO FDO. AÇÕES IMOB. FII - FDO INV. IMOB.
MFII11,MÉRITO DESENVOLVIMENTO IMOBILIÁRIO I FII - FII
MFII14,MÉRITO DESENVOLVIMENTO IMOBILIÁRIO I - FII
MFII15,MÉRITO DESENVOLVIMENTO IMOBILIÁRIO I - FII
MFII16,MÉRITO DESENVOLVIMENTO IMOBILIÁRIO I - FII
MFII17,MÉRITO DESENVOLVIMENTO IMOBILIÁRIO I - FII
MFII18,MÉRITO DESENVOLVIMENTO IMOBILIÁRIO I - FII
MFII19,MÉRITO DESENVOLVIMENTO IMOBILIÁRIO I - FII
MFII20,MÉRITO DESENVOLVIMENTO IMOBILIÁRIO I - FII
MFII21,MÉRITO DESENVOLVIMENTO IMOBILIÁRIO I - FII
MFII22,MÉRITO DESENVOLVIMENTO IMOBILIÁRIO I - FII
MGCR11,FDO. INVEST. IMOB. MOGNO CRI HIGH GRADE
MGCR13,FDO. INVEST. IMOB. MOGNO CRI HIGH GRADE
MGEL3,MANGELS INDUSTRIAL S.A.
MGEL4,MANGELS INDUSTRIAL S.A.
MGFB3,M&G FIBRAS HOLDING S.A.
MGFF11,FDO INV IMOB MOGNO FUNDO DE FUNDOS
MGHT11,FDO. INV. IMOB. MOGNO HOTEIS
MGIM11,FDO INV. IMOB. MOGNO REAL ESTATE IMPACT DEV. FUND
MGIM13,FDO INV. IMOB. MOGNO REAL ESTATE IMPACT DEV. FUND
MGLU3,MAGAZINE LUIZA S.A.
MILS3,MILLS ESTRUTURAS E SERVIÇOS DE ENGENHARIA S.A.
MINT11,FUNDO DE INVESTIMENTO IMOBILIÁRIO MINT EDUCACIONAL
MINT13,FUNDO DE INVESTIMENTO IMOBILIÁRIO MINT EDUCACIONAL
MINT14,FUNDO DE INVESTIMENTO IMOBILIÁRIO MINT EDUCACIONAL
MKLC34,MARKEL CORP
MLCX11,INDICE BMFBOVESPA MIDLARGE CAP
MMAQ3,MINASMAQUINAS S.A.
MMAQ4,MINASMAQUINAS S.A.
MMBR3,MAGNETI MARELLI DO BRASIL IND.COM S.A.
MMBR4,MAGNETI MARELLI DO BRASIL IND.COM S.A.
MMCA3,MAGNETI MARELLI COFAP AUTOPECAS S.A.
MMCA4,MAGNETI MARELLI COFAP AUTOPECAS S.A.
MMCF3,MAGNETI MARELLI COFAP-CIA FABR PECAS S/A
MMCF4,MAGNETI MARELLI COFAP-CIA FABR PECAS S/A
MMMC34,3M COMPANY
MMXM11,MMX MINERACAO E METALICOS S.A.
MMXM3,MMX MINERACAO E METALICOS S.A.
MNBI3,MLOG S.A.
MNDL3,MUNDIAL S.A. - PRODUTOS DE CONSUMO
MNPR3,MINUPAR PARTICIPACOES S.A.
MNZC3B,TERMINAL GARAGEM MENEZES CORTES S.A.
MOAR3,MONTEIRO ARANHA S.A.
MOFF11,MULTIOFFICES 2 - FDO. INV. IMOB.
MOFF13,MULTIOFFICES 2 - FDO. INV. IMOB.
MOOO34,"ALTRIA GROUP, INC."
MORE11,MORE REAL ESTATE FOF FII FDO. INV. IMOB.
MOSC34,THE MOSAIC COMPANY
MOVI3,MOVIDA PARTICIPACOES SA
MPBH11,MARINA PORTO BUZIOS HOTEIS E TURISMO S.A
MRCK34,"MERCK & CO., INC."
MRFG3,MARFRIG GLOBAL FOODS S.A.
MRSA3B,MRS LOGISTICA S.A.
MRSA5B,MRS LOGISTICA S.A.
MRSA6B,MRS LOGISTICA S.A.
MRVE3,MRV ENGENHARIA E PARTICIPACOES S.A.
MSBR34,MORGAN STANLEY
MSCD34,MASTERCARD INCORPORATED
MSFT34,MICROSOFT CORPORATION
MSPA3,CIA MELHORAMENTOS DE SAO PAULO
MSPA4,CIA MELHORAMENTOS DE SAO PAULO
MSRO11,MAESTRO LOCADORA DE VEICULOS S.A.
MSRO13,MAESTRO LOCADORA DE VEICULOS S.A.
MSRO14,MAESTRO LOCADORA DE VEICULOS S.A.
MSRO16,MAESTRO LOCADORA DE VEICULOS S.A.
MSRO17,MAESTRO LOCADORA DE VEICULOS S.A.
MSRO19,MAESTRO LOCADORA DE VEICULOS S.A.
MSRO3,MAESTRO LOCADORA DE VEICULOS S.A.
MTAL3,CIMETAL SIDERURGIA S/A
MTAL6,CIMETAL SIDERURGIA S/A
MTIG3,METALGRAFICA IGUACU S.A.
MTIG4,METALGRAFICA IGUACU S.A.
MTNR5,METANOR - METANOL DO NORDESTE S.A.
MTNR7,METANOR - METANOL DO NORDESTE S.A.
MTOF11,MULTIOFFICES 1 - FDO. INV. IMOB
MTOF13,MULTIOFFICES 1 - FDO. INV. IMOB
MTRE3,MITRE REALTY EMPREENDIMENTOS E PARTICIPAÇÕES S.A.
MTRS11,FDO INV IMOB - BTG PACTUAL METROPOLIS
MTSA3,METISA METALURGICA TIMBOENSE S.A.
MTSA4,METISA METALURGICA TIMBOENSE S.A.
MULT3,MULTIPLAN - EMPREEND IMOBILIARIOS S.A.
MUTC34,MICRON TECHNOLOGY INC
MVFI11,FDO INV IMOB MV9 - FII
MWET3,WETZEL S.A.
MWET4,WETZEL S.A.
MWIS6,MWI - SISTEMA DE COMUNICACAO S.A.
MXRF11,MAXI RENDA FDO INV IMOB - FII
MYPK3,IOCHPE MAXION S.A.
N1BI34,NEUROCRINE BIOSCIENCES INC
N1CL34,NORWEGIAN CRUISE LINE HOLDINGS LTD
N1DA34,NASDAQ INC
N1EM34,NEWMONT CORP
N1IS34,NISOURCE INC
N1LS34,NIELSEN HOLDINGS PLC
N1OV34,National Oilwell Varco Inc
N1OW34,SERVICENOW INC
N1RG34,NRG ENERGY INC
N1SC34,Norfolk Southern Corp
N1TA34,NETAPP INC
N1TR34,NORTHERN TRUST CORP
N1UE34,Nucor Corp
N1VR34,NVR INC
N1WL34,NEWELL BRANDS INC
N1WS34,NEWS CORP
N1WS35,NEWS CORP
N1XP34,NXP SEMICONDUCTORS NV
NAII3,NAI HOLDINGS S.A.
NAII4,NAI HOLDINGS S.A.
NCHB11,FDO INV IMOB - FII NCH BRASIL RECEBÍVEIS IMOB
NELO11,NE LOGISTIC FDO INV IMOB
NEMO3,SUZANO HOLDING S.A.
NEMO5,SUZANO HOLDING S.A.
NEMO6,SUZANO HOLDING S.A.
NEOE3,NEOENERGIA S.A.
NESB3,NESBER S.A.
NETE34,NETEASE INC
NEWL11,NEWPORT LOGÍSTICA FDO INV. IMOB.
NEWU11,NEWPORT RENDA URBANA FDO INV IMOB
NEXT34,NEXTERA ENERGY INC
NFLX34,"NETFLIX, INC."
NIKE34,NIKE INC
NIPL3,NIPLAN ENGENHARIA S.A.
NMRH34,NOMURA HOLDINGS INC
NOCG34,NORTHROP GRUMMAN CORP
NODA3,NOVADATA SISTEMAS E COMPUTADORES S/A
NODA6,NOVADATA SISTEMAS E COMPUTADORES S/A
NOKI34,NOKIA CORPORATION
NORD3,NORDON INDUSTRIAS METALURGICAS S.A.
NOVI3,NORTIS INCORPORADORA E CONSTRUTORA S.A.
NPAR11,FDO INV IMOB NESTPAR - FII
NRTQ3,NORTEC QUÍMICA S.A.
NSLU11,FDO INV IMOB - FII HOSPITAL NOSSA SRA DE LOURDES
NTCO3,NATURA &CO HOLDING S.A.
NUTR3,NUTRIPLANT INDUSTRIA E COMERCIO S.A.
NVDC34,NVIDIA CORP
NVHO11,FDO INV IMOB - FII NOVO HORIZONTE
NVIF11B,NOVA I - FDO INV IMOB - FII
NVRP11,FDO INV PART NOVA RAPOSO - MULTIESTRATEGIA
NXVL3,NOXVILLE INVESTIMENTOS S.A.
NXVL4,NOXVILLE INVESTIMENTOS S.A.
O1DF34,OLD DOMINION FREIGHT LINE INC
O1KE34,ONEOK Inc
O1KT34,OKTA INC
O1MC34,OMNICOM GROUP INC
O1TI34,OTIS WORLDWIDE CORPORATION
OCEN3,OCEANA OFFSHORE S.A.
ODER3,CONSERVAS ODERICH S.A.
ODER4,CONSERVAS ODERICH S.A.
ODPV3,ODONTOPREV S.A.
OFSA3,OURO FINO SAUDE ANIMAL PARTICIPACOES S.A.
OIBR3,OI S.A.
OIBR4,OI S.A.
OMGE3,OMEGA GERAÇÃO S.A.
ONEF11,FDO INV IMOB THE ONE
OPDL3B,DALETH PARTICIPACOES S.A.
OPEQ11B,INVESTIDORES INSTITUCIONAIS FDO INV PART MULTIESTR
OPGM3B,GAMA PARTICIPACOES S.A.
OPHE3B,OPPORTUNITY ENERGIA E PARTICIPACOES S.A.
OPHF11B,OPPORTUNITY HOLDING FDO INV PART MULT INV NO EXT
OPIM11B,KOL FIDC NAO-PADRONIZADO
OPSE3B,SUDESTE S.A.
OPTS3B,SUL 116 PARTICIPACOES S.A.
ORCL34,ORACLE CORPORATION
ORLY34,OREILLY AUTOMOTIVE INC
ORNA4B,ORNATO S.A. INDL DE PISOS E AZULEJOS
ORPD11,OURO VERDE DESENV IMOB I FDO INV IMOB - FII
OSXB3,OSX BRASIL S.A.
OUCY11,FUNDO INV IMOB - OURINVEST CYRELA - FII
OUFF11,FDO INV IMOB - OURINVEST FUNDO DE FUNDOS
OUJP11,OURINVEST JPP FDO INV IMOB - FII
OULG11,FDO INV IMOB OURINVEST LOGÍSTICA
OXYP34,OCCIDENTAL PETROLEUM CORP
P1AC34,PACCAR INC
P1AY34,Paychex Inc
P1BC34,Peoples United Financial Inc
P1DT34,Prudential Financial Inc
P1EA34,Healthpeak Properties Inc
P1EG34,Public Service Enterprise Group Inc
P1FG34,PRINCIPAL FINANCIAL GROUP INC
P1GR34,The Progressive Corp
P1HC34,PARKER-HANNIFIN CORP
P1HM34,PULTEGROUP INC
P1IO34,PIONEER NATURAL RESOURCES CO
P1KG34,PACKAGING CORP OF AMERICA
P1KI34,PERKINELMER INC
P1LD34,Prologis Inc
P1NR34,PENTAIR PLC
P1NW34,PINNACLE WEST CAPITAL CORP
P1PG34,PPG Industries Inc
P1PL34,PPL CORP
P1RG34,Perrigo Co PLC
P1SA34,PUBLIC STORAGE
P1SX34,PHILLIPS 66
P1VH34,PVH CORP
P1YC34,PAYCOM SOFTWARE INC
PABY11,FDO INV IMOB PANAMBY
PARD3,INSTITUTO HERMES PARDINI S.A.
PASS3,COMPASS GAS E ENERGIA S.A.
PATB11,FDO INV IMOB - FII PATEO BANDEIRANTES
PATB13,FDO INV IMOB - FII PATEO BANDEIRANTES
PATC11,PÁTRIA EDIFÍCIOS CORPORATIVOS FDO INV IMOB - FII
PATI3,PANATLANTICA S.A.
PATI4,PANATLANTICA S.A.
PATL11,PÁTRIA LOGÍSTICA FUNDO DE INVESTIMENTO IMOBILIÁRIO
PBLV11,PROLOGIS BRAZIL LOGISTICS VENTURE FDO INV IMOB
PCAR3,CIA BRASILEIRA DE DISTRIBUICAO
PCBU3,PACAEMBU CONSTRUTORA S.A.
PCFV4,POCOS DE FERVEDOURO S.A.
PDGR3,PDG REALTY S.A. EMPREEND E PARTICIPACOES
PDTC3,PADTEC HOLDING S.A.
PEAB3,CIA PARTICIPACOES ALIANCA DA BAHIA
PEAB4,CIA PARTICIPACOES ALIANCA DA BAHIA
PEPB34,"PEPSICO, INC."
PETR3,PETROLEO BRASILEIRO S.A. PETROBRAS
PETR4,PETROLEO BRASILEIRO S.A. PETROBRAS
PETZ3,PET CENTER COMERCIO  E PARTICIPACOES S.A.
PFIN11,PERFIN APOLLO ENERGIA FIP EM INFRAESTRUTURA
PFIN12,PERFIN APOLLO ENERGIA FIP EM INFRAESTRUTURA
PFIN13,PERFIN APOLLO ENERGIA FIP EM INFRAESTRUTURA
PFIZ34,PFIZER INC.
PFRM3,PROFARMA DISTRIB PROD FARMACEUTICOS S.A.
PGCO34,PROCTER & GAMBLE COMPANY
PGMN3,EMPREENDIMENTOS PAGUE MENOS S.A.
PHGN34,KONINKLIJKE PHILIPS NV
PHMO34,PHILIP MORRIS INTERNATIONAL INC
PIBB11,IT NOW PIBB IBRX-50 - FUNDO DE ÍNDICE
PINE3,BCO PINE S.A.
PINE4,BCO PINE S.A.
PLAS11,PLASCAR PARTICIPACOES INDUSTRIAIS S.A.
PLAS3,PLASCAR PARTICIPACOES INDUSTRIAIS S.A.
PLCR11,FDO INV. IMOB. PLURAL RECEBIVEIS
PLFS11,POLO FILMS INDUSTRIA E COMERCIO SA
PLFS3,POLO FILMS INDUSTRIA E COMERCIO SA
PLPF11,POLO PRECAT.FEDERAL FIDC NAO-PADRONIZADO
PLPL3,PLANO & PLANO DESENVOLVIMENTO IMOBILIÁRIO S.A.
PLRI11,POLO FDO INV IMOB - FII RECEBÍVEIS IMOBILIÁRIOS I
PLSP11,PLASCORP PARTICIPAÇÕES S.A.
PLSP3,PLASCORP PARTICIPAÇÕES S.A.
PMAM3,PARANAPANEMA S.A.
PMSP11B,PREFEITURA MUNICIPAL DE SAO PAULO
PMSP12B,PREFEITURA MUNICIPAL DE SAO PAULO
PMSP13B,PREFEITURA MUNICIPAL DE SAO PAULO
PNCS34,PNC FINANCIAL SERVICES GROUP INC
PNDL11,PANORAMA DESENVOLVIMENTO LOGÍSTICO FDO. INV. IMOB.
PNVL3,DIMED S.A. DISTRIBUIDORA DE MEDICAMENTOS
PNVL4,DIMED S.A. DISTRIBUIDORA DE MEDICAMENTOS
POMO3,MARCOPOLO S.A.
POMO4,MARCOPOLO S.A.
PORD11,POLO FDO INV IMOB - RECEBÍVEIS IMOB II - FII
POSI3,POSITIVO TECNOLOGIA S.A.
PPAR3,POLPAR S.A.
PPEI11,PRISMA PROTON ENERGIA FDO. INVEST. PART. INFRA.
PPEI13,PRISMA PROTON ENERGIA FDO. INVEST. PART. INFRA.
PPLA11,PPLA PARTICIPATIONS LTD.
PPLA35,PPLA PARTICIPATIONS LTD.
PPLA36,PPLA PARTICIPATIONS LTD.
PQAG11,PARQUE ANHANGUERA FDO. INVEST. IMOB.
PQDP11,FDO INV IMOB - FII PARQUE D. PEDRO SHOPPING CENTER
PRIO3,PETRO RIO S.A.
PRMN3B,PRODUTORES ENERGET.DE MANSO S.A.- PROMAN
PRNR3,PRINER SERVIÇOS INDUSTRIAIS S.A.
PRPT3B,PROMPT PARTICIPACOES S.A.
PRSN11B,PERSONALE I FDO INV IMOB - FII
PRSV11,PRESIDENTE VARGAS FDO INV IMOB
PRTS11,MULTI PROPERTIES FDO INV IMOB - FII
PRTS13,MULTI PROPERTIES FDO INV IMOB - FII
PSEG3,SAUIPE S.A.
PSEG4,SAUIPE S.A.
PSSA3,PORTO SEGURO S.A.
PSVM11,PORTO SUDESTE V.M. S.A.
PTBL3,PBG S/A
PTBP4,PORTOBELLO PARTICIPACOES CERAMICAS S.A.
PTCA11,PRATICA KLIMAQUIP INDUSTRIA E COMERCIO SA
PTCA3,PRATICA KLIMAQUIP INDUSTRIA E COMERCIO SA
PTCH34,PETROCHINA CO LTD
PTNT3,PETTENATI S.A. INDUSTRIA TEXTIL
PTNT4,PETTENATI S.A. INDUSTRIA TEXTIL
PTSL3,PORTOSUL PARTICIPAÇÕES S.A.
PTSL4,PORTOSUL PARTICIPAÇÕES S.A.
PVBI11,FDO. INV. IMOB. VBI PRIME PROPERTIES
PYPL34,PAYPAL HOLDINGS INC
Q1RV34,QORVO INC
Q1UA34,QUANTA SERVICES INC
Q1UE34,QUEST DIAGNOSTICS INC
QAGR11,QUASAR AGRO - FDO INV. IMOB.
QCOM34,QUALCOMM INC.
QINF11,QUASAR INFRA I FDO. INVEST. PARTIC. INFRA.
QMFF11,QUATA MONETAI FUNDO DE FUNDOS - FDO. INV. IMOB.
QNTS11,FDO INV IMOB QUINTAS
QUAL3,QUALICORP CONSULTORIA E CORRETORA DE SEGUROS S.A.
QUSW3,QUALITY SOFTWARE S.A.
QVQP3B,524 PARTICIPACOES S.A.
R1CL34,ROYAL CARIBBEAN GROUP
R1EG34,REGENCY CENTERS CORP
R1FC34,REGIONS FINANCIAL CORP
R1HI34,ROBERT HALF INTERNATIONAL INC
R1IN34,REALTY INCOME CORP
R1JF34,RAYMOND JAMES FINANCIAL INC
R1KU34,ROKU INC
R1LC34,RALPH LAUREN CORP
R1MD34,RESMED INC
R1OK34,ROCKWELL AUTOMATION INC
R1OL34,ROLLINS INC
R1OP34,ROPER TECHNOLOGIES INC
R1SG34,REPUBLIC SERVICES INC
RADL3,RAIA DROGASIL S.A.
RAIL3,RUMO S.A.
RANI3,IRANI PAPEL E EMBALAGEM S.A.
RANI4,IRANI PAPEL E EMBALAGEM S.A.
RAPT3,RANDON S.A. IMPLEMENTOS E PARTICIPACOES
RAPT4,RANDON S.A. IMPLEMENTOS E PARTICIPACOES
RBBV11,JHSF RIO BRAVO FAZENDA BOA VISTA CAP. PROT. - FII
RBCO11,RB CAPITAL OFFICE INCOME FDO INV. IMOB.
RBDS11,RB CAPITAL DESENV. RESID. II FDO INV IMOB - FII
RBED11,FDO INV IMOB RIO BRAVO RENDA EDUCACIONAL - FII
RBFF11,RIO BRAVO FUNDO DE FUNDOS DE INVESTIMENTO IMOB
RBFI11B,RIO BRAVO INVESTIMENTOS FIP
RBFI12B,RIO BRAVO INVESTIMENTOS FIP
RBGS11,RB CAPITAL GENERAL SHOP SULACAP FDO INV IMOB - FII
RBIR11,RB CAPITAL DESENV. RESIDENCIAL IV FDO. INV. IMOB.
RBIV11,RIO BRAVO CRÉDITO IMOB IV FDO INV IMOB - FII
RBLG11,RB CAPITAL LOGÍSTICO FDO. INV. IMOB.ye
RBRD11,RB CAPITAL RENDA II FDO INV IMOB - FII
RBRF11,RBR ALPHA MULTIESTRATÉGIA REAL ESTATE FDO INV IMOB
RBRL11,RBR LOG FUNDO DE INVESTIMENTO IMOBILIÁRIO
RBRM11,FDO INV IMOB - FII RBR DESENVOLVIMENTO
RBRP11,FDO INV IMOB RBR PROPERTIES - FII
RBRR11,FDO INV IMOB - FII RBR RENDIMENTO HIGH GRADE
RBRR13,FDO INV IMOB - FII RBR RENDIMENTO HIGH GRADE
RBRR14,FDO INV IMOB - FII RBR RENDIMENTO HIGH GRADE
RBRR15,FDO INV IMOB - FII RBR RENDIMENTO HIGH GRADE
RBRR16,FDO INV IMOB - FII RBR RENDIMENTO HIGH GRADE
RBRS11,RIO BRAVO RENDA RESIDENCIAL FDO. INVEST. IMOB.
RBRY11,FDO INV IMOB RBR CRÉDITO IMOB HIGH YIELD
RBTS11,RB CAPITAL TFO SITUS FDO INV IMOB - FII
RBVA11,FDO INV IMOB RIO BRAVO RENDA VAREJO - FII
RBVO11,RIO BRAVO CRÉDITO IMOBILIÁRIO II FDO INV IMOB -FII
RCFA11,GRUPO RCFA FDO INV IMOB
RCFF11,RBR DESENV COMERCIAL FEEDER FOF FDO INVEST IMOB
RCRB11,FDO INV IMOB RIO BRAVO RENDA CORPORATIVA
RCRI11B,RB CAPITAL RENDIMENTOS IMOB FDO INV IMOB - FII
RCRI13B,RB CAPITAL RENDIMENTOS IMOB FDO INV IMOB - FII
RCSL3,RECRUSUL S.A.
RCSL4,RECRUSUL S.A.
RDNI3,RNI NEGÓCIOS IMOBILIÁRIOS S.A.
RDPD11,BB RENDA DE PAPEIS IMOB II FDO INV IMOB - FII
RDSA34,ROYAL DUTCH SHELL PLC
RECH11,FDO INV IMOB - REC HOTELARIA
RECR11,FDO INV IMOB - FII REC RECEBIVEIS IMOBILIARIOS
RECR12,FDO INV IMOB - FII REC RECEBIVEIS IMOBILIARIOS
RECT11,FDO INV IMOB - FII REC RENDA IMOBILIARIA
REDE3,REDE ENERGIA PARTICIPAÇÕES S.A.
REFC4,REFINADORA CATARINENSE S.A.
REGN34,REGENERON PHARMACEUTICALS INC
REIT11,SOCOPA FDO INV IMOB - FII
RELG11,FDO INV. IMOB. REC LOGISTICA
RELG13,FDO INV. IMOB. REC LOGISTICA
RELG14,FDO INV. IMOB. REC LOGISTICA
RELG15,FDO INV. IMOB. REC LOGISTICA
RENT3,LOCALIZA RENT A CAR S.A.
RFAG3,REDE FEDERAL ARMAZENS GERAIS FERROV. S/A
RFOF11,FDO. INVEST. IMOB. RB CAPITAL I FUNDO DE FUNDOS
RGLO11,REGILO FDO INV ACOES
RHED4,RHEDE TECNOLOGIA S.A.
RHPY3,RI HAPPY BRINQUEDOS S.A.
RIBC8,RIBEIRO CORDEIRO IND E COMERCIOS.A.
RIGG34,TRANSOCEAN LTD.
RIOT34,RIO TINTO PLC
RIVA3,RIVA 9 EMPREENDIMENTOS IMOBILIÁRIOS S.A.
RLOG3,COSAN LOGISTICA S.A.
RLTM11,RELASTOMER TECNOLOGIA E PARTICIP S.A.
RNDP11,BB RENDA DE PAPÉIS IMOBILIÁRIOS FDO INV IMOB - FII
RNEW11,RENOVA ENERGIA S.A.
RNEW3,RENOVA ENERGIA S.A.
RNEW4,RENOVA ENERGIA S.A.
RNGO11,FDO INV IMOB RIO NEGRO - FII
RNOV11,IMMOB I FDO INV IMOB - FII
RNOV12,IMMOB I FDO INV IMOB - FII
RNPT4,RENNER PARTICIPACOES S.A.
ROMI3,INDUSTRIAS ROMI S.A.
ROOS12,ROOSTER S.A. INDUSTRIA DE EQUIPAMENTOS
ROST34,"ROSS STORES, INC."
RPAD3,ALFA HOLDINGS S.A.
RPAD5,ALFA HOLDINGS S.A.
RPAD6,ALFA HOLDINGS S.A.
RPMG3,REFINARIA DE PETROLEOS MANGUINHOS S.A.
RRCI11,RB CAPITAL RECEBÍVEIS IMOB. FDO. INVEST. IMOB FII
RRCI13,RB CAPITAL RECEBÍVEIS IMOB. FDO. INVEST. IMOB FII
RSID3,ROSSI RESIDENCIAL S.A.
RSPD11,RB CAPITAL DESENV RESID III FDO INV IMOB - FII
RSPD13,RB CAPITAL DESENV RESID III FDO INV IMOB - FII
RSPD14,RB CAPITAL DESENV RESID III FDO INV IMOB - FII
RSPD15,RB CAPITAL DESENV RESID III FDO INV IMOB - FII
RSUL3,METALURGICA RIOSULENSE S.A.
RSUL4,METALURGICA RIOSULENSE S.A.
RVBI11,VBI REITS FOF - FDO. INV. IMOB
RVBR11,FDO INV IMOB RIVIERA BR LOGISTICA
RVRA11,FDO INV IMOB RIVIERA RIO QUENTE RESORTS - FII
RYTT34,RAYTHEON TECHNOLOGIES CORPORATION
RZTR11,FUNDO DE INVESTIMENTO IMOBILIÁRIO RIZA TERRAX
RZTR13,FUNDO DE INVESTIMENTO IMOBILIÁRIO RIZA TERRAX
S1BA34,SBA COMMUNICATIONS CORP
S1EA34,SEALED AIR CORP
S1GE34,SEATTLE GENETICS INC
S1HW34,THE SHERWIN-WILLIAMS CO
S1IV34,SVB FINANCIAL GROUP
S1JM34,THE JM SMUCKER CO
S1LG34,SL GREEN REALTY CORP
S1NA34,SNAP-ON INC
S1NP34,SYNOPSYS INC
S1OU34,SOUTHWEST AIRLINES CO
S1PL34,SPLUNK INC
S1PO34,SPOTIFY TECHNOLOGY SA
S1RE34,SEMPRA ENERGY
S1RP34,SAREPTA THERAPEUTICS INC
S1SL34,SKYWORKS SOLUTIONS INC
S1SN34,SS&C TECHNOLOGIES HOLDINGS INC
S1TE34,STERIS PLC
S1TT34,STATE STREET CORP
S1TX34,SEAGATE TECHNOLOGY PLC
S1WK34,STANLEY BLACK & DECKER INC
S1YF34,SYNCHRONY FINANCIAL
S1YK34,STRYKER CORP
S1YM34,NORTONLIFELOCK INC.
S1YY34,SYSCO CORP
SADI11,SANTANDER PAPEIS IMOB CDI FDO INV IMOB
SAIC11B,FDO INV IMOB - FII SIA CORPORATE
SAIF11,SANTANDER INFRAESTRUTURA INCENTIVADO - FIC FIDC
SAIF12,SANTANDER INFRAESTRUTURA INCENTIVADO - FIC FIDC
SAIF13,SANTANDER INFRAESTRUTURA INCENTIVADO - FIC FIDC
SAIF14,SANTANDER INFRAESTRUTURA INCENTIVADO - FIC FIDC
SAIF15,SANTANDER INFRAESTRUTURA INCENTIVADO - FIC FIDC
SAIF16,SANTANDER INFRAESTRUTURA INCENTIVADO - FIC FIDC
SAIF17,SANTANDER INFRAESTRUTURA INCENTIVADO - FIC FIDC
SAIF18,SANTANDER INFRAESTRUTURA INCENTIVADO - FIC FIDC
SAIF19,SANTANDER INFRAESTRUTURA INCENTIVADO - FIC FIDC
SAIF20,SANTANDER INFRAESTRUTURA INCENTIVADO - FIC FIDC
SAIF21,SANTANDER INFRAESTRUTURA INCENTIVADO - FIC FIDC
SAIF22,SANTANDER INFRAESTRUTURA INCENTIVADO - FIC FIDC
SAIF23,SANTANDER INFRAESTRUTURA INCENTIVADO - FIC FIDC
SANB11,BCO SANTANDER (BRASIL) S.A.
SANB3,BCO SANTANDER (BRASIL) S.A.
SANB4,BCO SANTANDER (BRASIL) S.A.
SANY6,SANYO DA AMAZONIA S.A.
SAPP34,SAP SE
SAPR11,CIA SANEAMENTO DO PARANA - SANEPAR
SAPR3,CIA SANEAMENTO DO PARANA - SANEPAR
SAPR4,CIA SANEAMENTO DO PARANA - SANEPAR
SARE11,SANTANDER RENDA DE ALUGUÉIS FDO. INVEST. IMOB.
SARE13,SANTANDER RENDA DE ALUGUÉIS FDO. INVEST. IMOB.
SARE14,SANTANDER RENDA DE ALUGUÉIS FDO. INVEST. IMOB.
SBNY34,SIGNATURE BANK CORP
SBSP3,CIA SANEAMENTO BASICO EST SAO PAULO
SBUB34,STARBUCKS CORPORATION
SCAR3,SAO CARLOS EMPREEND E PARTICIPACOES S.A.
SCHW34,THE CHARLES SCHWAB CORPORATION
SCPF11,FDO INV IMOB SCP
SDIL11,FDO INV IMOB SDI RIO BRAVO RENDA LOGISTICA - FII
SDRM3,CIA SIDERURGICA DA AMAZONIA - SIDERAMA
SDRM6,CIA SIDERURGICA DA AMAZONIA - SIDERAMA
SEER3,SER EDUCACIONAL S.A.
SEQL3,SEQUOIA LOGISTICA E TRANSPORTES S.A
SFFI11,FDO INV IMOB SF - FII
SFND11,FDO INV IMOB SÃO FERNANDO
SGPS3,SPRINGS GLOBAL PARTICIPACOES S.A.
SHDP11B,FDO INV IMOB - FII SHOPPING PARQUE D. PEDRO
SHOP11,MULTI SHOPPINGS FDO INV IMOB - FII
SHOW3,T4F ENTRETENIMENTO S.A.
SHPH11,FDO INV IMOB SHOPPING PÁTIO HIGIENÓPOLIS
SHUL3,SCHULZ S.A.
SHUL4,SCHULZ S.A.
SILO3,CIA DE ARMAZENS E SILOS DO EST MG-CASEMG
SILO4,CIA DE ARMAZENS E SILOS DO EST MG-CASEMG
SIMH3,SIMPAR S.A.
SIMN34,SIMON PROPERTY GROUP INC
SIMR7,SIDERÚRGICA NORTE BRASIL S.A.
SLBC34,STERLING BANCORP
SLBG34,SCHLUMBERGER LIMITED
SLCE3,SLC AGRICOLA S.A.
SLCT3B,Inncorp S.A.
SLED11,SARAIVA LIVREIROS S.A. - EM RECUPERAÇÃO JUDICIAL
SLED12,SARAIVA LIVREIROS S.A. - EM RECUPERAÇÃO JUDICIAL
SLED3,SARAIVA LIVREIROS S.A. - EM RECUPERAÇÃO JUDICIAL
SLED4,SARAIVA LIVREIROS S.A. - EM RECUPERAÇÃO JUDICIAL
SMAC11,IT NOW SMALL FDO ÍNDICE
SMAL11,ISHARES BMFBOVESPA SMALL CAP FUNDO DE ÍNDICE
SMFT21,SMARTFIT ESCOLA DE GINÁSTICA E DANÇA S.A.
SMFT3,SMARTFIT ESCOLA DE GINÁSTICA E DANÇA S.A.
SMLL11,INDICE BMFBOVESPA SMALL CAP
SMLS3,SMILES FIDELIDADE S.A.
SMTO3,SAO MARTINHO S.A.
SNEC34,SONY CORP
SNSY3,SANSUY S.A. INDUSTRIA DE PLASTICOS
SNSY5,SANSUY S.A. INDUSTRIA DE PLASTICOS
SNSY6,SANSUY S.A. INDUSTRIA DE PLASTICOS
SOMA3,GRUPO DE MODA SOMA S.A.
SOND3,SONDOTECNICA ENGENHARIA SOLOS S.A.
SOND5,SONDOTECNICA ENGENHARIA SOLOS S.A.
SOND6,SONDOTECNICA ENGENHARIA SOLOS S.A.
SPAF11,SPA FDO INV IMOB - FII
SPCI6,SOCIEDADE DE PARTICIP. CIMENTEIRAS S.A.
SPCR3,SPE CRISTINA S.A.
SPFM12,SP FILMES DE SAO PAULO LTDA
SPGI34,S&P GLOBAL INC
SPTW11,SP DOWNTOWN FDO INV IMOB - FII
SPVJ11,FUND. INVEST. IMOB. SUCCESPAR VAREJO
SPXI11,IT NOW S&P500 TRN FUNDO DE INDICE
SQIA3,SINQIA S.A.
SRXM34,SIRIUS XM HOLDINGS INC
SSFO34,"SALESFORCE.COM, INC."
STAL6,SETAL TELECOM S.A.
STBP3,SANTOS BRASIL PARTICIPACOES S.A.
STDS11,START DESENHOS ANIMADOS LTDA.
STKF3,STATKRAFT ENERGIAS RENOVAVEIS S.A.
STMN34,STMICROELECTRONICS NV
STRX11,STARX FDO INV IMOB - FII
STTR3,STARA S.A. - INDÚSTRIA DE IMPLEMENTOS AGRÍCOLAS
STZB34,CONSTELLATION BRANDS INC
SULA11,SUL AMERICA S.A.
SULA3,SUL AMERICA S.A.
SULA4,SUL AMERICA S.A.
SUPF12,CINEMATOGRAFICA SUPERFILMES LTDA
SUZB3,SUZANO S.A.
SVPH7,SALVADOR PRAIA HOTEL S.A.
T1AM34,ATLASSIAN CORPORATION PLC
T1CH34,BIO-TECHNE CORPORATION
T1DG34,TRANSDIGM GROUP INC
T1EC34,TechnipFMC PLC
T1EL34,TE CONNECTIVITY LTD
T1FX34,TELEFLEX INC
T1MU34,T-MOBILE US INC
T1OW34,AMERICAN TOWER CORP
T1RI34,TRIPADVISOR INC
T1RO34,T ROWE PRICE GROUP INC
T1SC34,TRACTOR SUPPLY CO
T1SO34,THE SOUTHERN CO
T1TW34,TAKE-TWO INTERACTIVE SOFTWARE INC
T1WL34,TWILIO INC
T1XT34,TEXTRON INC
TAEE11,TRANSMISSORA ALIANÇA DE ENERGIA ELÉTRICA S.A.
TAEE3,TRANSMISSORA ALIANÇA DE ENERGIA ELÉTRICA S.A.
TAEE4,TRANSMISSORA ALIANÇA DE ENERGIA ELÉTRICA S.A.
TAKP34,TAKEDA PHARMACEUTICAL CO LTD
TASA13,TAURUS ARMAS S.A.
TASA15,TAURUS ARMAS S.A.
TASA17,TAURUS ARMAS S.A.
TASA3,TAURUS ARMAS S.A.
TASA4,TAURUS ARMAS S.A.
TAXA0L,TAXA DE FINANCIAMENTO
TAXA100,TAXA DE FINANCIAMENTO
TAXA101,TAXA DE FINANCIAMENTO
TAXA102,TAXA DE FINANCIAMENTO
TAXA103,TAXA DE FINANCIAMENTO
TAXA104,TAXA DE FINANCIAMENTO
TAXA105,TAXA DE FINANCIAMENTO
TAXA106,TAXA DE FINANCIAMENTO
TAXA107,TAXA DE FINANCIAMENTO
TAXA108,TAXA DE FINANCIAMENTO
TAXA109,TAXA DE FINANCIAMENTO
TAXA110,TAXA DE FINANCIAMENTO
TAXA111,TAXA DE FINANCIAMENTO
TAXA112,TAXA DE FINANCIAMENTO
TAXA113,TAXA DE FINANCIAMENTO
TAXA114,TAXA DE FINANCIAMENTO
TAXA115,TAXA DE FINANCIAMENTO
TAXA116,TAXA DE FINANCIAMENTO
TAXA117,TAXA DE FINANCIAMENTO
TAXA118,TAXA DE FINANCIAMENTO
TAXA119,TAXA DE FINANCIAMENTO
TAXA120,TAXA DE FINANCIAMENTO
TAXA121,TAXA DE FINANCIAMENTO
TAXA122,TAXA DE FINANCIAMENTO
TAXA123,TAXA DE FINANCIAMENTO
TAXA124,TAXA DE FINANCIAMENTO
TAXA125,TAXA DE FINANCIAMENTO
TAXA126,TAXA DE FINANCIAMENTO
TAXA127,TAXA DE FINANCIAMENTO
TAXA128,TAXA DE FINANCIAMENTO
TAXA129,TAXA DE FINANCIAMENTO
TAXA130,TAXA DE FINANCIAMENTO
TAXA131,TAXA DE FINANCIAMENTO
TAXA132,TAXA DE FINANCIAMENTO
TAXA133,TAXA DE FINANCIAMENTO
TAXA134,TAXA DE FINANCIAMENTO
TAXA135,TAXA DE FINANCIAMENTO
TAXA136,TAXA DE FINANCIAMENTO
TAXA137,TAXA DE FINANCIAMENTO
TAXA138,TAXA DE FINANCIAMENTO
TAXA139,TAXA DE FINANCIAMENTO
TAXA140,TAXA DE FINANCIAMENTO
TAXA141,TAXA DE FINANCIAMENTO
TAXA142,TAXA DE FINANCIAMENTO
TAXA143,TAXA DE FINANCIAMENTO
TAXA144,TAXA DE FINANCIAMENTO
TAXA145,TAXA DE FINANCIAMENTO
TAXA146,TAXA DE FINANCIAMENTO
TAXA147,TAXA DE FINANCIAMENTO
TAXA148,TAXA DE FINANCIAMENTO
TAXA149,TAXA DE FINANCIAMENTO
TAXA150,TAXA DE FINANCIAMENTO
TAXA151,TAXA DE FINANCIAMENTO
TAXA152,TAXA DE FINANCIAMENTO
TAXA153,TAXA DE FINANCIAMENTO
TAXA154,TAXA DE FINANCIAMENTO
TAXA155,TAXA DE FINANCIAMENTO
TAXA156,TAXA DE FINANCIAMENTO
TAXA157,TAXA DE FINANCIAMENTO
TAXA158,TAXA DE FINANCIAMENTO
TAXA159,TAXA DE FINANCIAMENTO
TAXA16,TAXA DE FINANCIAMENTO
TAXA160,TAXA DE FINANCIAMENTO
TAXA161,TAXA DE FINANCIAMENTO
TAXA162,TAXA DE FINANCIAMENTO
TAXA163,TAXA DE FINANCIAMENTO
TAXA164,TAXA DE FINANCIAMENTO
TAXA165,TAXA DE FINANCIAMENTO
TAXA166,TAXA DE FINANCIAMENTO
TAXA167,TAXA DE FINANCIAMENTO
TAXA168,TAXA DE FINANCIAMENTO
TAXA169,TAXA DE FINANCIAMENTO
TAXA16L,TAXA DE FINANCIAMENTO
TAXA17,TAXA DE FINANCIAMENTO
TAXA170,TAXA DE FINANCIAMENTO
TAXA171,TAXA DE FINANCIAMENTO
TAXA172,TAXA DE FINANCIAMENTO
TAXA173,TAXA DE FINANCIAMENTO
TAXA174,TAXA DE FINANCIAMENTO
TAXA175,TAXA DE FINANCIAMENTO
TAXA176,TAXA DE FINANCIAMENTO
TAXA177,TAXA DE FINANCIAMENTO
TAXA178,TAXA DE FINANCIAMENTO
TAXA179,TAXA DE FINANCIAMENTO
TAXA17L,TAXA DE FINANCIAMENTO
TAXA18,TAXA DE FINANCIAMENTO
TAXA180,TAXA DE FINANCIAMENTO
TAXA181,TAXA DE FINANCIAMENTO
TAXA182,TAXA DE FINANCIAMENTO
TAXA183,TAXA DE FINANCIAMENTO
TAXA184,TAXA DE FINANCIAMENTO
TAXA185,TAXA DE FINANCIAMENTO
TAXA186,TAXA DE FINANCIAMENTO
TAXA187,TAXA DE FINANCIAMENTO
TAXA188,TAXA DE FINANCIAMENTO
TAXA189,TAXA DE FINANCIAMENTO
TAXA18L,TAXA DE FINANCIAMENTO
TAXA19,TAXA DE FINANCIAMENTO
TAXA190,TAXA DE FINANCIAMENTO
TAXA191,TAXA DE FINANCIAMENTO
TAXA192,TAXA DE FINANCIAMENTO
TAXA193,TAXA DE FINANCIAMENTO
TAXA194,TAXA DE FINANCIAMENTO
TAXA195,TAXA DE FINANCIAMENTO
TAXA196,TAXA DE FINANCIAMENTO
TAXA197,TAXA DE FINANCIAMENTO
TAXA198,TAXA DE FINANCIAMENTO
TAXA199,TAXA DE FINANCIAMENTO
TAXA19L,TAXA DE FINANCIAMENTO
TAXA20,TAXA DE FINANCIAMENTO
TAXA200,TAXA DE FINANCIAMENTO
TAXA201,TAXA DE FINANCIAMENTO
TAXA202,TAXA DE FINANCIAMENTO
TAXA203,TAXA DE FINANCIAMENTO
TAXA204,TAXA DE FINANCIAMENTO
TAXA205,TAXA DE FINANCIAMENTO
TAXA206,TAXA DE FINANCIAMENTO
TAXA207,TAXA DE FINANCIAMENTO
TAXA208,TAXA DE FINANCIAMENTO
TAXA209,TAXA DE FINANCIAMENTO
TAXA20L,TAXA DE FINANCIAMENTO
TAXA21,TAXA DE FINANCIAMENTO
TAXA210,TAXA DE FINANCIAMENTO
TAXA211,TAXA DE FINANCIAMENTO
TAXA212,TAXA DE FINANCIAMENTO
TAXA213,TAXA DE FINANCIAMENTO
TAXA214,TAXA DE FINANCIAMENTO
TAXA215,TAXA DE FINANCIAMENTO
TAXA216,TAXA DE FINANCIAMENTO
TAXA217,TAXA DE FINANCIAMENTO
TAXA218,TAXA DE FINANCIAMENTO
TAXA219,TAXA DE FINANCIAMENTO
TAXA21L,TAXA DE FINANCIAMENTO
TAXA22,TAXA DE FINANCIAMENTO
TAXA220,TAXA DE FINANCIAMENTO
TAXA221,TAXA DE FINANCIAMENTO
TAXA222,TAXA DE FINANCIAMENTO
TAXA223,TAXA DE FINANCIAMENTO
TAXA224,TAXA DE FINANCIAMENTO
TAXA225,TAXA DE FINANCIAMENTO
TAXA226,TAXA DE FINANCIAMENTO
TAXA227,TAXA DE FINANCIAMENTO
TAXA228,TAXA DE FINANCIAMENTO
TAXA229,TAXA DE FINANCIAMENTO
TAXA22L,TAXA DE FINANCIAMENTO
TAXA23,TAXA DE FINANCIAMENTO
TAXA230,TAXA DE FINANCIAMENTO
TAXA231,TAXA DE FINANCIAMENTO
TAXA232,TAXA DE FINANCIAMENTO
TAXA233,TAXA DE FINANCIAMENTO
TAXA234,TAXA DE FINANCIAMENTO
TAXA235,TAXA DE FINANCIAMENTO
TAXA236,TAXA DE FINANCIAMENTO
TAXA237,TAXA DE FINANCIAMENTO
TAXA238,TAXA DE FINANCIAMENTO
TAXA239,TAXA DE FINANCIAMENTO
TAXA23L,TAXA DE FINANCIAMENTO
TAXA24,TAXA DE FINANCIAMENTO
TAXA240,TAXA DE FINANCIAMENTO
TAXA241,TAXA DE FINANCIAMENTO
TAXA242,TAXA DE FINANCIAMENTO
TAXA243,TAXA DE FINANCIAMENTO
TAXA244,TAXA DE FINANCIAMENTO
TAXA245,TAXA DE FINANCIAMENTO
TAXA246,TAXA DE FINANCIAMENTO
TAXA247,TAXA DE FINANCIAMENTO
TAXA248,TAXA DE FINANCIAMENTO
TAXA249,TAXA DE FINANCIAMENTO
TAXA24L,TAXA DE FINANCIAMENTO
TAXA25,TAXA DE FINANCIAMENTO
TAXA250,TAXA DE FINANCIAMENTO
TAXA251,TAXA DE FINANCIAMENTO
TAXA252,TAXA DE FINANCIAMENTO
TAXA253,TAXA DE FINANCIAMENTO
TAXA254,TAXA DE FINANCIAMENTO
TAXA255,TAXA DE FINANCIAMENTO
TAXA256,TAXA DE FINANCIAMENTO
TAXA257,TAXA DE FINANCIAMENTO
TAXA258,TAXA DE FINANCIAMENTO
TAXA259,TAXA DE FINANCIAMENTO
TAXA25L,TAXA DE FINANCIAMENTO
TAXA26,TAXA DE FINANCIAMENTO
TAXA260,TAXA DE FINANCIAMENTO
TAXA261,TAXA DE FINANCIAMENTO
TAXA262,TAXA DE FINANCIAMENTO
TAXA263,TAXA DE FINANCIAMENTO
TAXA264,TAXA DE FINANCIAMENTO
TAXA265,TAXA DE FINANCIAMENTO
TAXA266,TAXA DE FINANCIAMENTO
TAXA267,TAXA DE FINANCIAMENTO
TAXA268,TAXA DE FINANCIAMENTO
TAXA269,TAXA DE FINANCIAMENTO
TAXA26L,TAXA DE FINANCIAMENTO
TAXA27,TAXA DE FINANCIAMENTO
TAXA270,TAXA DE FINANCIAMENTO
TAXA271,TAXA DE FINANCIAMENTO
TAXA272,TAXA DE FINANCIAMENTO
TAXA273,TAXA DE FINANCIAMENTO
TAXA274,TAXA DE FINANCIAMENTO
TAXA275,TAXA DE FINANCIAMENTO
TAXA276,TAXA DE FINANCIAMENTO
TAXA277,TAXA DE FINANCIAMENTO
TAXA278,TAXA DE FINANCIAMENTO
TAXA279,TAXA DE FINANCIAMENTO
TAXA27L,TAXA DE FINANCIAMENTO
TAXA28,TAXA DE FINANCIAMENTO
TAXA280,TAXA DE FINANCIAMENTO
TAXA281,TAXA DE FINANCIAMENTO
TAXA282,TAXA DE FINANCIAMENTO
TAXA283,TAXA DE FINANCIAMENTO
TAXA284,TAXA DE FINANCIAMENTO
TAXA285,TAXA DE FINANCIAMENTO
TAXA286,TAXA DE FINANCIAMENTO
TAXA287,TAXA DE FINANCIAMENTO
TAXA288,TAXA DE FINANCIAMENTO
TAXA289,TAXA DE FINANCIAMENTO
TAXA28L,TAXA DE FINANCIAMENTO
TAXA29,TAXA DE FINANCIAMENTO
TAXA290,TAXA DE FINANCIAMENTO
TAXA291,TAXA DE FINANCIAMENTO
TAXA292,TAXA DE FINANCIAMENTO
TAXA293,TAXA DE FINANCIAMENTO
TAXA294,TAXA DE FINANCIAMENTO
TAXA295,TAXA DE FINANCIAMENTO
TAXA296,TAXA DE FINANCIAMENTO
TAXA297,TAXA DE FINANCIAMENTO
TAXA298,TAXA DE FINANCIAMENTO
TAXA299,TAXA DE FINANCIAMENTO
TAXA29L,TAXA DE FINANCIAMENTO
TAXA30,TAXA DE FINANCIAMENTO
TAXA300,TAXA DE FINANCIAMENTO
TAXA301,TAXA DE FINANCIAMENTO
TAXA302,TAXA DE FINANCIAMENTO
TAXA303,TAXA DE FINANCIAMENTO
TAXA304,TAXA DE FINANCIAMENTO
TAXA305,TAXA DE FINANCIAMENTO
TAXA306,TAXA DE FINANCIAMENTO
TAXA307,TAXA DE FINANCIAMENTO
TAXA308,TAXA DE FINANCIAMENTO
TAXA309,TAXA DE FINANCIAMENTO
TAXA30L,TAXA DE FINANCIAMENTO
TAXA31,TAXA DE FINANCIAMENTO
TAXA310,TAXA DE FINANCIAMENTO
TAXA311,TAXA DE FINANCIAMENTO
TAXA312,TAXA DE FINANCIAMENTO
TAXA313,TAXA DE FINANCIAMENTO
TAXA314,TAXA DE FINANCIAMENTO
TAXA315,TAXA DE FINANCIAMENTO
TAXA316,TAXA DE FINANCIAMENTO
TAXA317,TAXA DE FINANCIAMENTO
TAXA318,TAXA DE FINANCIAMENTO
TAXA319,TAXA DE FINANCIAMENTO
TAXA31L,TAXA DE FINANCIAMENTO
TAXA32,TAXA DE FINANCIAMENTO
TAXA320,TAXA DE FINANCIAMENTO
TAXA321,TAXA DE FINANCIAMENTO
TAXA322,TAXA DE FINANCIAMENTO
TAXA323,TAXA DE FINANCIAMENTO
TAXA324,TAXA DE FINANCIAMENTO
TAXA325,TAXA DE FINANCIAMENTO
TAXA326,TAXA DE FINANCIAMENTO
TAXA327,TAXA DE FINANCIAMENTO
TAXA328,TAXA DE FINANCIAMENTO
TAXA329,TAXA DE FINANCIAMENTO
TAXA32L,TAXA DE FINANCIAMENTO
TAXA33,TAXA DE FINANCIAMENTO
TAXA330,TAXA DE FINANCIAMENTO
TAXA331,TAXA DE FINANCIAMENTO
TAXA332,TAXA DE FINANCIAMENTO
TAXA333,TAXA DE FINANCIAMENTO
TAXA334,TAXA DE FINANCIAMENTO
TAXA335,TAXA DE FINANCIAMENTO
TAXA336,TAXA DE FINANCIAMENTO
TAXA337,TAXA DE FINANCIAMENTO
TAXA338,TAXA DE FINANCIAMENTO
TAXA339,TAXA DE FINANCIAMENTO
TAXA33L,TAXA DE FINANCIAMENTO
TAXA34,TAXA DE FINANCIAMENTO
TAXA340,TAXA DE FINANCIAMENTO
TAXA341,TAXA DE FINANCIAMENTO
TAXA342,TAXA DE FINANCIAMENTO
TAXA343,TAXA DE FINANCIAMENTO
TAXA344,TAXA DE FINANCIAMENTO
TAXA345,TAXA DE FINANCIAMENTO
TAXA346,TAXA DE FINANCIAMENTO
TAXA347,TAXA DE FINANCIAMENTO
TAXA348,TAXA DE FINANCIAMENTO
TAXA349,TAXA DE FINANCIAMENTO
TAXA34L,TAXA DE FINANCIAMENTO
TAXA35,TAXA DE FINANCIAMENTO
TAXA350,TAXA DE FINANCIAMENTO
TAXA351,TAXA DE FINANCIAMENTO
TAXA352,TAXA DE FINANCIAMENTO
TAXA353,TAXA DE FINANCIAMENTO
TAXA354,TAXA DE FINANCIAMENTO
TAXA355,TAXA DE FINANCIAMENTO
TAXA356,TAXA DE FINANCIAMENTO
TAXA357,TAXA DE FINANCIAMENTO
TAXA358,TAXA DE FINANCIAMENTO
TAXA359,TAXA DE FINANCIAMENTO
TAXA35L,TAXA DE FINANCIAMENTO
TAXA36,TAXA DE FINANCIAMENTO
TAXA360,TAXA DE FINANCIAMENTO
TAXA361,TAXA DE FINANCIAMENTO
TAXA362,TAXA DE FINANCIAMENTO
TAXA363,TAXA DE FINANCIAMENTO
TAXA364,TAXA DE FINANCIAMENTO
TAXA365,TAXA DE FINANCIAMENTO
TAXA36L,TAXA DE FINANCIAMENTO
TAXA37,TAXA DE FINANCIAMENTO
TAXA37L,TAXA DE FINANCIAMENTO
TAXA38,TAXA DE FINANCIAMENTO
TAXA38L,TAXA DE FINANCIAMENTO
TAXA39,TAXA DE FINANCIAMENTO
TAXA39L,TAXA DE FINANCIAMENTO
TAXA40,TAXA DE FINANCIAMENTO
TAXA40L,TAXA DE FINANCIAMENTO
TAXA41,TAXA DE FINANCIAMENTO
TAXA41L,TAXA DE FINANCIAMENTO
TAXA42,TAXA DE FINANCIAMENTO
TAXA42L,TAXA DE FINANCIAMENTO
TAXA43,TAXA DE FINANCIAMENTO
TAXA43L,TAXA DE FINANCIAMENTO
TAXA44,TAXA DE FINANCIAMENTO
TAXA44L,TAXA DE FINANCIAMENTO
TAXA45,TAXA DE FINANCIAMENTO
TAXA45L,TAXA DE FINANCIAMENTO
TAXA46,TAXA DE FINANCIAMENTO
TAXA46L,TAXA DE FINANCIAMENTO
TAXA47,TAXA DE FINANCIAMENTO
TAXA47L,TAXA DE FINANCIAMENTO
TAXA48,TAXA DE FINANCIAMENTO
TAXA48L,TAXA DE FINANCIAMENTO
TAXA49,TAXA DE FINANCIAMENTO
TAXA49L,TAXA DE FINANCIAMENTO
TAXA50,TAXA DE FINANCIAMENTO
TAXA50L,TAXA DE FINANCIAMENTO
TAXA51,TAXA DE FINANCIAMENTO
TAXA51L,TAXA DE FINANCIAMENTO
TAXA52,TAXA DE FINANCIAMENTO
TAXA52L,TAXA DE FINANCIAMENTO
TAXA53,TAXA DE FINANCIAMENTO
TAXA53L,TAXA DE FINANCIAMENTO
TAXA54,TAXA DE FINANCIAMENTO
TAXA54L,TAXA DE FINANCIAMENTO
TAXA55,TAXA DE FINANCIAMENTO
TAXA55L,TAXA DE FINANCIAMENTO
TAXA56,TAXA DE FINANCIAMENTO
TAXA56L,TAXA DE FINANCIAMENTO
TAXA57,TAXA DE FINANCIAMENTO
TAXA57L,TAXA DE FINANCIAMENTO
TAXA58,TAXA DE FINANCIAMENTO
TAXA58L,TAXA DE FINANCIAMENTO
TAXA59,TAXA DE FINANCIAMENTO
TAXA59L,TAXA DE FINANCIAMENTO
TAXA60,TAXA DE FINANCIAMENTO
TAXA60L,TAXA DE FINANCIAMENTO
TAXA61,TAXA DE FINANCIAMENTO
TAXA61L,TAXA DE FINANCIAMENTO
TAXA62,TAXA DE FINANCIAMENTO
TAXA62L,TAXA DE FINANCIAMENTO
TAXA63,TAXA DE FINANCIAMENTO
TAXA63L,TAXA DE FINANCIAMENTO
TAXA64,TAXA DE FINANCIAMENTO
TAXA64L,TAXA DE FINANCIAMENTO
TAXA65,TAXA DE FINANCIAMENTO
TAXA65L,TAXA DE FINANCIAMENTO
TAXA66,TAXA DE FINANCIAMENTO
TAXA66L,TAXA DE FINANCIAMENTO
TAXA67,TAXA DE FINANCIAMENTO
TAXA67L,TAXA DE FINANCIAMENTO
TAXA68,TAXA DE FINANCIAMENTO
TAXA68L,TAXA DE FINANCIAMENTO
TAXA69,TAXA DE FINANCIAMENTO
TAXA69L,TAXA DE FINANCIAMENTO
TAXA70,TAXA DE FINANCIAMENTO
TAXA70L,TAXA DE FINANCIAMENTO
TAXA71,TAXA DE FINANCIAMENTO
TAXA71L,TAXA DE FINANCIAMENTO
TAXA72,TAXA DE FINANCIAMENTO
TAXA72L,TAXA DE FINANCIAMENTO
TAXA73,TAXA DE FINANCIAMENTO
TAXA73L,TAXA DE FINANCIAMENTO
TAXA74,TAXA DE FINANCIAMENTO
TAXA74L,TAXA DE FINANCIAMENTO
TAXA75,TAXA DE FINANCIAMENTO
TAXA75L,TAXA DE FINANCIAMENTO
TAXA76,TAXA DE FINANCIAMENTO
TAXA76L,TAXA DE FINANCIAMENTO
TAXA77,TAXA DE FINANCIAMENTO
TAXA77L,TAXA DE FINANCIAMENTO
TAXA78,TAXA DE FINANCIAMENTO
TAXA78L,TAXA DE FINANCIAMENTO
TAXA79,TAXA DE FINANCIAMENTO
TAXA79L,TAXA DE FINANCIAMENTO
TAXA80,TAXA DE FINANCIAMENTO
TAXA80L,TAXA DE FINANCIAMENTO
TAXA81,TAXA DE FINANCIAMENTO
TAXA81L,TAXA DE FINANCIAMENTO
TAXA82,TAXA DE FINANCIAMENTO
TAXA82L,TAXA DE FINANCIAMENTO
TAXA83,TAXA DE FINANCIAMENTO
TAXA83L,TAXA DE FINANCIAMENTO
TAXA84,TAXA DE FINANCIAMENTO
TAXA84L,TAXA DE FINANCIAMENTO
TAXA85,TAXA DE FINANCIAMENTO
TAXA85L,TAXA DE FINANCIAMENTO
TAXA86,TAXA DE FINANCIAMENTO
TAXA86L,TAXA DE FINANCIAMENTO
TAXA87,TAXA DE FINANCIAMENTO
TAXA87L,TAXA DE FINANCIAMENTO
TAXA88,TAXA DE FINANCIAMENTO
TAXA88L,TAXA DE FINANCIAMENTO
TAXA89,TAXA DE FINANCIAMENTO
TAXA89L,TAXA DE FINANCIAMENTO
TAXA90,TAXA DE FINANCIAMENTO
TAXA90L,TAXA DE FINANCIAMENTO
TAXA91,TAXA DE FINANCIAMENTO
TAXA91L,TAXA DE FINANCIAMENTO
TAXA92,TAXA DE FINANCIAMENTO
TAXA92L,TAXA DE FINANCIAMENTO
TAXA93,TAXA DE FINANCIAMENTO
TAXA93L,TAXA DE FINANCIAMENTO
TAXA94,TAXA DE FINANCIAMENTO
TAXA94L,TAXA DE FINANCIAMENTO
TAXA95,TAXA DE FINANCIAMENTO
TAXA95L,TAXA DE FINANCIAMENTO
TAXA96,TAXA DE FINANCIAMENTO
TAXA96L,TAXA DE FINANCIAMENTO
TAXA97,TAXA DE FINANCIAMENTO
TAXA97L,TAXA DE FINANCIAMENTO
TAXA98,TAXA DE FINANCIAMENTO
TAXA98L,TAXA DE FINANCIAMENTO
TAXA99,TAXA DE FINANCIAMENTO
TAXA99L,TAXA DE FINANCIAMENTO
TBOF11,FDO INV IMOB - FII TB OFFICE
TCIN11,FDO. INVEST. IMOB. TOURMALET V - ED. CIDADE NOVA
TCIN12,FDO. INVEST. IMOB. TOURMALET V - ED. CIDADE NOVA
TCNO3,TECNOSOLO ENGENHARIA S.A.
TCNO4,TECNOSOLO ENGENHARIA S.A.
TCPF11,TREECORP REAL ESTATE FDO INV IMOB - I
TCQC3,INDUSTRIA CARBOQUIMICA CATARINENSE S/A
TCQC4,INDUSTRIA CARBOQUIMICA CATARINENSE S/A
TCSA3,TECNISA S.A.
TECN3,TECHNOS S.A.
TEKA3,TEKA-TECELAGEM KUEHNRICH S.A.
TEKA4,TEKA-TECELAGEM KUEHNRICH S.A.
TELB3,TELEC BRASILEIRAS S.A. TELEBRAS
TELB4,TELEC BRASILEIRAS S.A. TELEBRAS
TELD11,TELLUS DESENVOLVIMENTO LOGÍSTICO FDO. INVEST. IMOB
TEND3,CONSTRUTORA TENDA S.A.
TEPP11,TELLUS PROPERTIES - FDO INV. IMOB
TESA12,TERRA SANTA AGRO S.A.
TESA3,TERRA SANTA AGRO S.A.
TEXA34,TEXAS INSTRUMENTS INC.
TFCO4,TRACK & FIELD CO S.A.
TGAR11,FDO INV IMOB TG ATIVO REAL
TGAR13B,FDO INV IMOB TG ATIVO REAL
TGMA3,TEGMA GESTAO LOGISTICA S.A.
TGTB34,TARGET CORP
THGI34,HANOVER INSURANCE GROUP INC
THRA11,FDO INV IMOB - FII CYRELA THERA CORPORATE
TIET11,AES TIETE ENERGIA SA
TIET3,AES TIETE ENERGIA SA
TIET4,AES TIETE ENERGIA SA
TIFF34,TIFFANY CO
TIMP3,TIM PARTICIPACOES S.A.
TIMS3,TIM S.A.
TIPR11,TIETE PROD. CINEMATOGRAFICAS LTDA
TJXC34,TJX COMPANIES INC
TKNO3,TEKNO S.A. - INDUSTRIA E COMERCIO
TKNO4,TEKNO S.A. - INDUSTRIA E COMERCIO
TLNC34,TELEFONICA SA
TMCO34,TOYOTA MOTOR CORP.
TMFI11,FDO INV IMOB TM - FII
TMOS34,"THERMO FISHER SCIENTIFIC, INC."
TOGA11,TOGA EMPREENDIMENTOS HOTELEIROS S.A.
TORD11,TORDESILHAS EI FDO. INV. IMOB.
TORD13,TORDESILHAS EI FDO. INV. IMOB.
TORD14,TORDESILHAS EI FDO. INV. IMOB.
TORD15,TORDESILHAS EI FDO. INV. IMOB.
TORM13,FDO INV IMOB TOURMALET I
TORM14,FDO INV IMOB TOURMALET I
TOTS3,TOTVS S.A.
TOUR11,FDO INV IMOB TOURMALET II
TOUR12,FDO INV IMOB TOURMALET II
TOUR13,FDO INV IMOB TOURMALET II
TPIS3,TPI - TRIUNFO PARTICIP. E INVEST. S.A.
TPRY34,TAPESTRY INC
TRBR3,TRANSBRASIL S.A. LINHAS AEREAS
TRBR4,TRANSBRASIL S.A. LINHAS AEREAS
TREG3,TANGARA ENERGIA S.A.
TRIS3,TRISUL S.A.
TRNT11,FDO INV IMOB - FII TORRE NORTE
TRPL3,CTEEP - CIA TRANSMISSÃO ENERGIA ELÉTRICA PAULISTA
TRPL4,CTEEP - CIA TRANSMISSÃO ENERGIA ELÉTRICA PAULISTA
TRVC34,"THE TRAVELERS COMPANIES, INC"
TRXB11,TRX REAL ESTATE II FDO. INVEST. IMOB.
TRXF11,TRX REAL ESTATE FDO. INV. IMOB. - FII
TRXF16,TRX REAL ESTATE FDO. INV. IMOB. - FII
TRXF17,TRX REAL ESTATE FDO. INV. IMOB. - FII
TRXF25,TRX REAL ESTATE FDO. INV. IMOB. - FII
TRXF26,TRX REAL ESTATE FDO. INV. IMOB. - FII
TSLA34,"TESLA, INC"
TSMC34,TAIWAN SEMICONDUCTOR MANUFACTURING CO LTD
TSNC11,TRANSINC FDO INV IMOB - FII
TSNF34,TYSON FOODS INC
TUPY3,TUPY S.A.
TVIT3,"TIVIT TERC. DE PROC., SERV. E TEC. S.A."
TVOP11,T. V. O. PRODUCOES AUDIOVISUAIS LTDA.
TWTR34,"TWITTER, INC."
TXBZ11,TBM - TEXTIL BEZERRA DE MENEZES S.A.
TXBZ5,TBM - TEXTIL BEZERRA DE MENEZES S.A.
TXRX11,TEXTIL RENAUXVIEW S.A.
TXRX3,TEXTIL RENAUXVIEW S.A.
TXRX4,TEXTIL RENAUXVIEW S.A.
TXSA34,TERNIUM SA
U1AI34,UNDER ARMOUR INC
U1AL34,UNITED AIRLINES HOLDINGS INC
U1BE34,UBER TECHNOLOGIES INC
U1DR34,UDR INC
U1HS34,UNIVERSAL HEALTH SERVICES INC
U1LT34,ULTA BEAUTY INC
U1NM34,UNUM GROUP
U1RI34,UNITED RENTALS INC
UBSF11,FDO INV IMOB - FII UBS (BR) FUNDOS IMOBILIÁRIOS
UBSF12,FDO INV IMOB - FII UBS (BR) FUNDOS IMOBILIÁRIOS
UBSG34,UBS GROUP AG
UCAS3,UNICASA INDÚSTRIA DE MÓVEIS S.A.
UGPA3,ULTRAPAR PARTICIPACOES S.A.
ULEV34,UNILEVER PLC
UNAG11,ECO MULTI COMMODITIES FIDC FINANC. AGROPECUÁRIOS
UNAG12,ECO MULTI COMMODITIES FIDC FINANC. AGROPECUÁRIOS
UNHH34,UNITEDHEALTH GROUP INC
UNIP3,UNIPAR CARBOCLORO S.A.
UNIP5,UNIPAR CARBOCLORO S.A.
UNIP6,UNIPAR CARBOCLORO S.A.
UPAC34,UNION PACIFIC CORPORATION
UPKP3B,UPTICK PARTICIPACOES S.A.
UPSS34,"UNITED PARCEL SERVICE, INC."
URPR11,URCA PRIME RENDA FUNDO DE INVESTIMENTO IMOBILIÁRIO
URPR13,URCA PRIME RENDA FUNDO DE INVESTIMENTO IMOBILIÁRIO
URPR14,URCA PRIME RENDA FUNDO DE INVESTIMENTO IMOBILIÁRIO
USAT4,USATI PARTICIPACOES PORTUARIAS S.A.
USBC34,U.S. BANCORP
USIM3,USINAS SID DE MINAS GERAIS S.A.-USIMINAS
USIM5,USINAS SID DE MINAS GERAIS S.A.-USIMINAS
USIM6,USINAS SID DE MINAS GERAIS S.A.-USIMINAS
USSX34,UNITED STATES STEEL CORPORATION
UTIL11,ÍNDICE DE UTILIDADE PÚBLICA BMFBOVESPA
V1AR34,VARIAN MEDICAL SYSTEMS INC
V1MC34,VULCAN MATERIALS CO
V1NO34,VORNADO REALTY TRUST
V1RS34,VERISK ANALYTICS INC
V1TA34,VENTAS INC
V1TE,VONTIER CORPORATION
VALE3,VALE S.A.
VAMO3,"VAMOS LOCAÇÃO DE CAMINHÕES, MÁQUINAS E EQUIP. S.A."
VCJR11,VECTIS JUROS REAL FDO INV. IMOB. - FII
VECF3,VALEC - ENG.CONSTRUCOES E FERROVIAS S.A.
VERE11,FDO INV IMOB VEREDA - FII
VERZ34,VERIZON COMMUNICATIONS INC.
VFCO34,VF CORP
VGIP11,VALORA CRI ÍNDICE DE PREÇO FDO INVEST. IMOB. FII
VGIR11,VALORA RE III FDO INV IMOB - FII
VIDS11,VIC DESENVOLVIMENTO VINTAGE 20/21 FUND INVEST IMOB
VIDS13,VIC DESENVOLVIMENTO VINTAGE 20/21 FUND INVEST IMOB
VIDS14,VIC DESENVOLVIMENTO VINTAGE 20/21 FUND INVEST IMOB
VIDS15,VIC DESENVOLVIMENTO VINTAGE 20/21 FUND INVEST IMOB
VIFI11,VINCI INSTRUMENTOS FINANCEIROS FDO INV IMOB - FII
VIGT11,VINCI ENERGIA FDO INV PART IE
VILG11,VINCI LOGÍSTICA FDO INV IMOB - FII
VINO11,VINCI OFFICES FDO INV IMOB
VINO12,VINCI OFFICES FDO INV IMOB
VINO13,VINCI OFFICES FDO INV IMOB
VINO14,VINCI OFFICES FDO INV IMOB
VINO15,VINCI OFFICES FDO INV IMOB
VINO16,VINCI OFFICES FDO INV IMOB
VISA34,VISA INC.
VISC11,VINCI SHOPPING CENTERS FDO INVEST IMOB - FII
VIVA3,VIVARA PARTICIPAÇOES S.A
VIVR3,VIVER INCORPORADORA E CONSTRUTORA S.A.
VIVR9,VIVER INCORPORADORA E CONSTRUTORA S.A.
VIVT3,TELEFÔNICA BRASIL S.A
VIVT4,TELEFÔNICA BRASIL S.A
VLID3,VALID SOLUÇÕES S.A.
VLJS11,VECTOR QUELUZ ATIVOS IMOB FDO INV IMOB
VLJS12,VECTOR QUELUZ ATIVOS IMOB FDO INV IMOB
VLJS13,VECTOR QUELUZ ATIVOS IMOB FDO INV IMOB
VLJS15,VECTOR QUELUZ ATIVOS IMOB FDO INV IMOB
VLOE34,VALERO ENERGY CORPORATION
VLOL11,FDO INV IMOB - FII VILA OLÍMPIA CORPORATE
VLPN3,ELETRICIDADE VALE PARANAPANEMA S.A.
VLYB34,VALLEY NATIONAL BANCORP
VOTS11,VOTORANTIM SECURITIES MASTER FDO INV IMOB - FII
VPSI11,FDO INV IMOB POLO SHOPPING INDAIATUBA
VPSI13,FDO INV IMOB POLO SHOPPING INDAIATUBA
VRSN34,VERISIGN INC
VRTA11,FATOR VERITA FDO INV IMOB - FII
VRTX34,VERTEX PHARMACEUTICALS INC
VSEC11,FDO INV IMOB VOTORANTIM SECURITIES
VSHO11,FDO INV IMOB VOTORANTIM SHOPPING
VSPT3,FERROVIA CENTRO-ATLANTICA S.A.
VSPT4,FERROVIA CENTRO-ATLANTICA S.A.
VTLT11,FDO INV IMOB VOTORANTIM LOGISTICA
VTPA11,FDO. INVEST. IMOB. VOTORANTIM PATRIMONIAL V
VTPL11,FDO INV. IMOB. PLUS
VTVI11,PARKING PARTNERS FDO. INVEST. IMOB.
VTXI11,FDO. INVEST. IMOB. VOTORANTIM PATRIMONIAL XII
VULC3,VULCABRAS/AZALEIA S.A.
VVAR3,VIA VAREJO S.A.
VVPR11,FDO INV IMOB - V2 PROPERTIES
VVPR13,FDO INV IMOB - V2 PROPERTIES
VVPR14,FDO INV IMOB - V2 PROPERTIES
VXXV11,VX XVI - FDO INV. IMOB.
W1AB34,WABTEC CORP
W1DA34,WORKDAY INC
W1DC34,WESTERN DIGITAL CORP
W1EC34,WEC ENERGY GROUP INC
W1EL34,WELLTOWER INC
W1HR34,WHIRLPOOL CORP
W1IX34,WIX.COM LTD
W1LT34,WILLIS TOWERS WATSON PLC
W1MB34,THE WILLIAMS COS INC
W1MC34,WASTE MANAGEMENT INC
W1MG34,WARNER MUSIC GROUP CORPORATION
W1RB34,WR BERKLEY CORPORATION
W1RK34,WESTROCK CO
W1SO34,WATSCO INC
W1YC34,WEYERHAEUSER CO
W1YN34,WYNN RESORTS LTD
WABC34,WESTERN ALLIANCE BANCORPORATION
WALM34,WALMART INC.
WATC34,WATERS CORP
WEGE3,WEG S.A.
WFCO34,WELLS FARGO & COMPANY
WGBA34,WALGREENS BOOTS ALLIANCE INC
WHRL3,WHIRLPOOL S.A.
WHRL4,WHIRLPOOL S.A.
WIRE3,WIREX CABLE S.A.
WIZS3,WIZ SOLUÇÕES E CORRETAGEM DE SEGUROS S.A.
WLMM3,WLM PART. E COMÉRCIO DE MÁQUINAS E VEÍCULOS S.A.
WLMM4,WLM PART. E COMÉRCIO DE MÁQUINAS E VEÍCULOS S.A.
WNBR3,W2W E-COMMERCE DE VINHOS S.A.
WPLZ11,SHOPPING WEST PLAZA FDO INV IMOB
WSON33,WILSON SONS LTD.
WTSP11B,FDO INV IMOB - OURINVEST RE I
WUNI34,THE WESTERN UNION COMPANY
X1EL34,XCEL ENERGY INC
X1LN34,XILINX INC
X1YL34,XYLEM INC
XBOV11,CAIXA ETF IBOVESPA FUNDO DE INDICE
XPCE11,XPCE RE FDO INV IMOB
XPCI11,XP CREDITO IMOBILIÁRIO - FDO INV IMOB
XPCM11,XP CORPORATE MACAÉ FDO INV IMOB - FII
XPHT11,XP HOTÉIS - FDO INV IMOB - FII
XPHT12,XP HOTÉIS - FDO INV IMOB - FII
XPHT13,XP HOTÉIS - FDO INV IMOB - FII
XPHT14,XP HOTÉIS - FDO INV IMOB - FII
XPIE11,XP INFRA II FDO DE INV PART IE
XPIN11,XP INDUSTRIAL FDO INV IMOB - FII
XPLG11,XP LOG FDO INV IMOB - FII
XPML11,XP MALLS FDO INV IMOB FII
XPOM11,FDO INV PART IE XP OMEGA I
XPPR11,XP PROPERTIES FDO. INV. IMOB.
XPPR13,XP PROPERTIES FDO. INV. IMOB.
XPSF11,XP SELECTION FDO DE FUNDOS INV IMOB - FII
XRAY34,DENTSPLY SIRONA INC
XRXB34,XEROX HOLDINGS CORPORATION
XTED11,TRX EDIFÍCIOS CORPORATIVOS FDO INV IMOB - FII
YDUQ3,YDUQS PARTICIPACOES S.A.
YOUC3,YOU INC INCORPORADORA E PARTICIPAÇÕES S.A.
YPEA11,YPEARTS AUDIOVISUAL LTDA.
YUMR34,YUM BRANDS INC
Z1BH34,ZIMMER BIOMET HOLDINGS INC
Z1BR34,ZEBRA TECHNOLOGIES CORPORATION
Z1IO34,ZIONS BANCORPORATION NA
Z1OM34,ZOOM VIDEO COMMUNICATIONS INC
Z1TS34,ZOETIS INC
